sample,[Eubacterium] coprostanoligenes group,27F-1492R,37-13,67-14,A0839,A21b,A4b,AB1,Abditibacteriaceae,Acetobacteraceae,Acidiferrobacteraceae,Acidimicrobiaceae,Acidimicrobiales Incertae Sedis,Acidobacteriaceae (Subgroup 1),Acidothermaceae,Actinospicaceae,Aeromonadaceae,AKAU3644,AKIW781,Akkermansiaceae,AKYG1722,AKYH767,Alcaligenaceae,Alicyclobacillaceae,Amb-16S-1034,Amb-16S-1323,Amoebophilaceae,Anaerolineaceae,Anaeromyxobacteraceae,Anaerovoracaceae,Aneurinibacillaceae,Atopobiaceae,Azospirillaceae,B1-7BS,Babeliaceae,Bacillaceae,Bacteriovoracaceae,Bacteroidaceae,Bdellovibrionaceae,Beijerinckiaceae,Bifidobacteriaceae,BIrii41,Blastocatellaceae,Blattabacteriaceae,Bogoriellaceae,Brevibacillaceae,Bryobacteraceae,BSV26,Burkholderiaceae,Caedibacteraceae,Caldicoprobacteraceae,Caldilineaceae,Caldinitratiruptor,Caloramatoraceae,Candidatus Hepatincola,Candidatus Jidaibacter,Candidatus Spiroplasma,Catenulisporaceae,Caulobacteraceae,Cellulomonadaceae,Chitinibacteraceae,Chitinophagaceae,Christensenellaceae,Chromobacteriaceae,Chthoniobacteraceae,Chthonomonadaceae,Clostridiaceae,COB P4-1 termite group,Coleofasciculaceae,Comamonadaceae,Coriobacteriaceae,Corynebacteriaceae,Coxiellaceae,CPla-3 termite group,Crocinitomicaceae,cvE6,CWT CU03-E12,Cytophagaceae,Deferribacteraceae,Desulfitobacteriaceae,Desulfovibrionaceae,Devosiaceae,Diplorickettsiaceae,Dongiaceae,Dysgonomonadaceae,Eel-36e1D6,Eggerthellaceae,Elsteraceae,Elusimicrobiaceae,Endomicrobiaceae,Enterobacteriaceae,Enterococcaceae,Entotheonellaceae,env.OPS 17,Erwiniaceae,Erysipelotrichaceae,Family XI,Ferrovaceae,FFCH9454,Fibrobacteraceae,Fimbriimonadaceae,Flavobacteriaceae,Fokiniaceae,Frankiaceae,Gaiellaceae,Geminicoccaceae,Gemmataceae,Gemmatimonadaceae,Geobacteraceae,Geodermatophilaceae,Gimesiaceae,Gottschalkia,GW2011_GWC1_47_15,Haliangiaceae,Halieaceae,Halobacteroidaceae,Holophagaceae,Holosporaceae,Hungateiclostridiaceae,Hymenobacteraceae,Hyphomicrobiaceae,Hyphomonadaceae,Iamiaceae,Ilumatobacteraceae,Inquilinaceae,Intrasporangiaceae,Isosphaeraceae,JG30-KF-AS9,JG30-KF-CM45,Jonesiaceae,KF-JG30-B3,KI89A clade,Kineosporiaceae,Koribacteraceae,Ktedonobacteraceae,Labraceae,Lachnospiraceae,Lactobacillaceae,Latescibacteraceae,Legionellaceae,Leptolyngbyaceae,Leptospiraceae,Longimicrobiaceae,LWQ8,M2PB4-65 termite group,Magnetospirillaceae,Methanobacteriaceae,Methanomethylophilaceae,Methylacidiphilaceae,Methylococcaceae,Methyloligellaceae,Micavibrionaceae,Microbacteriaceae,Micrococcaceae,Micromonosporaceae,Micropepsaceae,Microscillaceae,Microtrichaceae,Mitochondria,Monoglobaceae,Moraxellaceae,Mycobacteriaceae,Myxococcaceae,Nakamurellaceae,Nannocystaceae,Neisseriaceae,Nitrosomonadaceae,Nitrososphaeraceae,Nitrosotaleaceae,Nitrospiraceae,Nocardiaceae,Nocardioidaceae,Nostocaceae,NS11-12 marine group,NS9 marine group,Obscuribacteraceae,Oligoflexaceae,Opitutaceae,Oscillospiraceae,Oxalobacteraceae,Oxobacteraceae,Paenibacillaceae,Paludibacteraceae,Paracaedibacteraceae,Parachlamydiaceae,Pedosphaeraceae,Peptococcaceae,Peptostreptococcaceae,Phaselicystidaceae,Phycisphaeraceae,Pirellulaceae,Planococcaceae,Pleomorphomonadaceae,Polyangiaceae,Prevotellaceae,Propionibacteriaceae,Pseudomonadaceae,Pseudonocardiaceae,Puniceicoccaceae,Pyrinomonadaceae,Reyranellaceae,Rhizobiaceae,Rhizobiales Incertae Sedis,Rhodanobacteraceae,Rhodobacteraceae,Rhodocyclaceae,Rhodomicrobiaceae,Rhodospirillaceae,Rickettsiaceae,Rikenellaceae,Roseiflexaceae,Rs-E47 termite group,Rubritaleaceae,Ruminococcaceae,Saccharimonadaceae,Sandaracinaceae,Saprospiraceae,SC-I-84,Schlesneriaceae,Sedimentibacteraceae,Silvanigrellaceae,Simkaniaceae,SM2D12,Solibacteraceae,Solimonadaceae,Solirubrobacteraceae,Sphingobacteriaceae,Sphingomonadaceae,Spirochaetaceae,Spirosomaceae,Spongiibacteraceae,Sporichthyaceae,Sporolactobacillaceae,Sporomusaceae,Steroidobacteraceae,Streptococcaceae,Streptomycetaceae,Streptosporangiaceae,Sulfobacillaceae,Sumerlaeaceae,Sutterellaceae,Symbiobacteraceae,Synergistaceae,Syntrophobacteraceae,Terrimicrobiaceae,Thermoactinomycetaceae,Thermoanaerobaculaceae,Thermomicrobiaceae,Thermomonosporaceae,TRA3-20,type III,UBA12409,UBA12411,UCG-010,Unclassified Family in 0319-6G20,Unclassified Family in 0319-7L14,Unclassified Family in 11-24,Unclassified Family in Absconditabacteriales (SR1),Unclassified Family in Acidimicrobiia,Unclassified Family in Acidobacteriae,Unclassified Family in Acidobacteriales,Unclassified Family in Acidobacteriota,Unclassified Family in Actinobacteria,Unclassified Family in Actinobacteriota,Unclassified Family in Actinomarinales,Unclassified Family in AD3,Unclassified Family in Alphaproteobacteria,Unclassified Family in AMGG11,Unclassified Family in Anaerolineae,Unclassified Family in Armatimonadales,Unclassified Family in Armatimonadota,Unclassified Family in AT-s3-28,Unclassified Family in Azospirillales,Unclassified Family in B10-SB3A,Unclassified Family in B12-WMSP1,Unclassified Family in Babeliales,Unclassified Family in Bacillales,Unclassified Family in Bacilli,Unclassified Family in bacteriap25,Unclassified Family in Bacteroidales,Unclassified Family in Bacteroidia,Unclassified Family in Bathyarchaeia,Unclassified Family in BD2-11 terrestrial group,Unclassified Family in BD7-11,Unclassified Family in Bdellovibrionota,Unclassified Family in Berkelbacteria,Unclassified Family in Blastocatellia,Unclassified Family in Blfdi19,Unclassified Family in BRH-c20a,Unclassified Family in Burkholderiales,Unclassified Family in C0119,Unclassified Family in C10-SB1A,Unclassified Family in Candidatus Daviesbacteria,Unclassified Family in Candidatus Kaiserbacteria,Unclassified Family in Candidatus Levybacteria,Unclassified Family in Candidatus Liptonbacteria,Unclassified Family in Candidatus Magasanikbacteria,Unclassified Family in Candidatus Nomurabacteria,Unclassified Family in Candidatus Peribacteria,Unclassified Family in Candidatus Staskawiczbacteria,Unclassified Family in Candidatus Vogelbacteria,Unclassified Family in Candidatus Woykebacteria,Unclassified Family in Candidatus Yanofskybacteria,Unclassified Family in Caulobacterales,Unclassified Family in CCD24,Unclassified Family in Chitinophagales,Unclassified Family in Chlamydiales,Unclassified Family in Chloroflexi,Unclassified Family in Chloroflexia,Unclassified Family in Chloroplast,Unclassified Family in Chthoniobacterales,Unclassified Family in Chthonomonadales,Unclassified Family in Clostridia,Unclassified Family in Clostridia UCG-014,Unclassified Family in Clostridia vadinBB60 group,Unclassified Family in Corynebacteriales,Unclassified Family in Cyanobacteria,Unclassified Family in Cyanobacteriales,Unclassified Family in Cyanobacteriia,Unclassified Family in Desulfitobacteriales,Unclassified Family in Desulfobacterota,Unclassified Family in Dojkabacteria,Unclassified Family in DS-100,Unclassified Family in EC3,Unclassified Family in Elev-1554,Unclassified Family in Elev-16S-1166,Unclassified Family in Elev-16S-976,Unclassified Family in Elsterales,Unclassified Family in Elusimicrobiota,Unclassified Family in Enterobacterales,Unclassified Family in FCPU426,Unclassified Family in FCPU453,Unclassified Family in FFCH16263,Unclassified Family in FFCH5909,Unclassified Family in Fibrobacterales,Unclassified Family in Firmicutes,Unclassified Family in Frankiales,Unclassified Family in Gaiellales,Unclassified Family in GAL15,Unclassified Family in Gammaproteobacteria,Unclassified Family in Gemmatimonadota,Unclassified Family in Gitt-GS-136,Unclassified Family in GOUTB8,Unclassified Family in Group 1.1c,Unclassified Family in Hydrogenispora,Unclassified Family in IMCC26256,Unclassified Family in JG30-KF-CM66,Unclassified Family in JG36-GS-52,Unclassified Family in JG36-TzT-191,Unclassified Family in Kapabacteriales,Unclassified Family in KD4-96,Unclassified Family in KF-JG30-C25,Unclassified Family in Ktedonobacterales,Unclassified Family in Ktedonobacteria,Unclassified Family in Lachnospirales,Unclassified Family in Latescibacterota,Unclassified Family in Lineage IIa,Unclassified Family in Lineage IIb,Unclassified Family in Lineage IIc,Unclassified Family in Lineage IV,Unclassified Family in Margulisbacteria,Unclassified Family in Marine Group II,Unclassified Family in MB-A2-108,Unclassified Family in MBNT15,Unclassified Family in Methanomassiliicoccales,Unclassified Family in Micavibrionales,Unclassified Family in Micrococcales,Unclassified Family in Microgenomatia,Unclassified Family in Microtrichales,Unclassified Family in mle1-27,Unclassified Family in MSB-4B10,Unclassified Family in MVP-88,Unclassified Family in Myxococcales,Unclassified Family in Myxococcota,Unclassified Family in NB1-j,Unclassified Family in Nitrososphaeria,Unclassified Family in Nitrospirota,Unclassified Family in OLB14,Unclassified Family in Oligoflexia,Unclassified Family in OM190,Unclassified Family in Oscillospirales,Unclassified Family in P2-11E,Unclassified Family in Paludibaculum,Unclassified Family in Parcubacteria,Unclassified Family in Patescibacteria,Unclassified Family in Pla4 lineage,Unclassified Family in Planctomycetales,Unclassified Family in Planctomycetes,Unclassified Family in PLTA13,Unclassified Family in Polyangia,Unclassified Family in Polyangiales,Unclassified Family in Proteobacteria,Unclassified Family in Pseudomonadales,Unclassified Family in R7C24,Unclassified Family in RBG-13-54-9,Unclassified Family in RCP2-54,Unclassified Family in Rhizobiales,Unclassified Family in Rhodospirillales,Unclassified Family in Rickettsiales,Unclassified Family in Rokubacteriales,Unclassified Family in S-BQ2-57 soil group,Unclassified Family in S0134 terrestrial group,Unclassified Family in S085,Unclassified Family in Saccharimonadales,Unclassified Family in SAR202 clade,Unclassified Family in SAR324 clade(Marine group B),Unclassified Family in SBR1031,Unclassified Family in Sericytochromatia,Unclassified Family in SHA-26,Unclassified Family in SJA-15,Unclassified Family in Solirubrobacterales,Unclassified Family in Sphingobacteriales,Unclassified Family in Streptosporangiales,Unclassified Family in Subgroup 11,Unclassified Family in Subgroup 12,Unclassified Family in Subgroup 13,Unclassified Family in Subgroup 15,Unclassified Family in Subgroup 17,Unclassified Family in Subgroup 18,Unclassified Family in Subgroup 2,Unclassified Family in Subgroup 22,Unclassified Family in Subgroup 25,Unclassified Family in Subgroup 5,Unclassified Family in Subgroup 7,Unclassified Family in Symbiobacteriales,Unclassified Family in Tepidisphaerales,Unclassified Family in Thalassobaculales,Unclassified Family in Thermoleophilia,Unclassified Family in Thermoplasmata,Unclassified Family in TK10,Unclassified Family in TSBb06,Unclassified Family in TX1A-33,Unclassified Family in vadinHA49,Unclassified Family in Vampirivibrionia,Unclassified Family in Vampirovibrionales,Unclassified Family in Verrucomicrobiae,Unclassified Family in Verrucomicrobiales,Unclassified Family in Vicinamibacterales,Unclassified Family in WD260,Unclassified Family in Woesearchaeales,Unclassified Family in WPS-2,Unclassified Family in WS4,Unclassified Family in WWE3,Unclassified Family in Xanthomonadales,Unknown Family,URHD0088,vadinHA21,Vampirovibrionaceae,Vermiphilaceae,Verrucomicrobiaceae,Vicinamibacteraceae,Vulgatibacteraceae,WD2101 soil group,Weeksellaceae,Woeseiaceae,WWH38,WX65,Xanthobacteraceae,Xanthomonadaceae,Xiphinematobacteraceae,Yersiniaceae,YM_S32_TM7_50_20
F90,0,0,0,0,5,23,0,7,0,612,0,0,84,1095,3034,43,0,0,0,0,0,5,0,0,0,0,0,0,112,0,0,0,0,0,0,27,9,0,21,588,0,6,0,4,0,0,1168,0,499,0,0,0,0,0,0,0,4,52,658,0,0,264,0,0,218,0,0,0,0,138,0,0,0,0,0,6,8,0,0,0,0,0,86,0,0,0,0,14,0,0,0,0,0,0,0,0,0,0,0,0,11,11,0,51,240,0,94,1342,0,0,0,0,0,327,2,0,9,0,0,0,174,0,25,0,20,0,56,356,33,0,151,0,0,2255,40,0,3,0,0,4,0,0,0,30,0,12,0,0,0,2,5,3,8,0,192,1032,23,0,0,0,9,196,454,0,0,0,163,16,3,19,17,14,0,0,0,17,0,6,0,20,0,0,0,0,2,434,0,0,48,0,0,0,0,721,0,0,19,25,0,0,129,14,41,253,0,0,50,33,0,0,0,0,0,0,0,8,0,58,0,0,0,0,22,2393,24,852,34,142,0,0,0,0,0,0,98,0,210,0,0,0,40,0,0,0,0,0,52,0,199,0,0,0,0,0,17,0,52,0,809,145,2576,7,85,0,12,789,728,0,2,0,0,0,0,0,7,18,0,0,0,0,0,0,0,4,0,0,0,12,0,13,3,0,0,2,0,0,0,0,0,0,0,0,0,0,0,2,0,0,0,17,59,0,0,0,0,0,7,0,0,0,56,0,0,0,0,0,0,5315,0,0,15,0,0,0,0,0,0,255,67,12,0,0,0,7,0,439,108,0,20,5,9,97,3,25,0,23,80,0,2,14,0,2,0,0,0,0,0,0,58,11,0,0,117,3,18,0,2,0,0,0,0,0,0,4,0,0,0,0,0,0,32,0,0,0,0,758,64,0,2,90,0,0,14,36,0,0,0,0,20,0,7,0,0,0,5,154,0,15,0,3150,0,0,326,194,0,0,0,0,15,254,0,0,0,0,0,0,0,804,88,0,375,0,0,6,2910,36,0,0,23,0,21,0,0,0,0,0,6,4862,82,72,0,0
F93,0,2,0,320,100,294,0,0,0,118,2,0,0,111,1345,3,7,0,6,0,0,13,0,0,0,5,0,0,16,0,0,0,0,57,2,225,4,0,25,394,0,76,53,0,0,0,244,0,61,2,0,8,0,0,0,0,0,10,128,0,0,580,0,0,2806,23,4,0,0,314,0,0,0,0,0,0,0,0,0,0,0,44,42,122,0,0,0,0,0,0,0,0,206,7,0,0,0,0,0,0,12,152,0,206,1631,25,97,922,0,0,0,0,0,635,7,0,5,3,0,17,530,212,65,270,19,38,70,648,41,0,84,17,7,234,94,0,0,0,23,12,0,0,7,0,0,0,0,0,5,0,342,0,38,0,625,266,43,17,0,0,0,356,171,0,14,0,288,19,6,392,0,135,0,0,11,11,0,9,0,20,0,51,0,0,11,1187,0,3,91,3,9,9,0,225,0,0,40,112,0,121,368,226,74,93,7,16,35,36,0,0,75,0,18,0,7,111,19,577,0,0,0,0,0,757,6,354,19,360,0,0,0,36,0,0,97,0,253,29,0,0,56,0,0,0,0,4,78,0,61,115,0,0,0,0,28,0,145,0,182,16,548,0,22,6,0,96,604,22,0,6,0,15,38,0,4,0,0,0,400,0,0,0,18,0,0,0,0,9,0,41,7,0,0,0,0,0,0,0,0,0,0,0,0,0,94,17,0,5,0,2,0,17,0,0,0,0,0,0,0,0,372,0,5,5,0,0,0,1331,0,0,0,0,0,0,0,0,50,832,92,15,0,12,0,0,0,732,118,6,0,0,452,0,52,0,0,232,33,7,0,0,0,0,239,65,0,2,0,2,161,18,0,0,0,0,268,0,0,8,2,26,0,4,14,5,0,0,15,3,54,0,0,0,99,73,7,314,174,0,0,1075,20,0,69,29,0,6,0,0,0,0,0,5,0,50,0,57,24,199,20,681,67,15,598,374,0,0,0,23,2,343,0,0,0,0,0,0,0,2758,22,0,31,0,4,0,464,61,0,0,0,21,507,14,33,0,16,7,219,5592,114,272,0,15
F96,0,0,0,653,76,367,2,0,0,256,0,47,0,298,1496,0,0,0,0,0,0,28,0,0,62,14,0,0,45,0,0,0,4,128,0,178,4,0,40,470,0,69,48,0,0,0,287,0,141,0,0,3,0,0,0,0,0,14,189,0,0,594,0,0,3489,8,0,0,0,401,0,0,0,4,0,0,0,7,0,0,0,21,39,103,0,0,0,24,0,0,3,0,134,14,0,2,0,0,0,6,16,224,0,289,1940,36,99,835,0,0,0,0,0,587,22,0,0,3,0,9,675,117,22,400,6,57,105,306,46,0,81,0,23,297,148,44,2,0,33,0,0,0,3,0,0,0,0,0,6,0,391,5,18,0,660,465,29,55,0,0,0,422,300,19,8,0,472,135,4,274,0,224,0,0,0,7,18,7,0,15,0,23,0,0,4,1639,0,0,120,9,36,21,0,263,0,9,17,88,0,169,334,228,119,134,18,0,51,38,0,0,47,0,20,3,0,63,4,806,0,0,0,6,26,757,8,556,0,382,0,0,4,81,0,0,62,0,278,39,0,7,137,0,0,0,30,6,40,0,23,100,4,0,0,0,40,0,125,0,219,58,906,8,0,13,0,153,810,0,0,13,3,11,41,0,4,4,0,0,284,0,4,4,7,0,0,0,8,8,0,53,31,0,0,0,0,0,3,4,0,0,2,0,2,0,77,0,0,7,7,0,41,8,0,0,0,0,0,0,0,0,444,0,3,0,0,10,2,1334,2,0,0,0,11,0,0,0,53,1184,57,19,0,5,0,8,0,839,141,0,0,0,403,2,0,0,0,235,38,15,0,3,0,0,399,176,2,0,0,0,259,24,0,4,9,0,354,0,0,19,0,0,0,0,0,6,2,3,3,0,45,0,18,0,61,38,2,342,162,0,0,1030,0,15,63,32,3,10,3,0,0,0,0,7,0,49,0,41,20,225,13,1295,86,24,436,445,0,0,0,15,0,347,0,0,0,0,0,14,2,2662,25,0,45,0,0,0,657,63,0,0,4,12,418,0,83,0,34,4,185,6065,106,344,0,0
F99,0,0,0,83,2,18,0,0,0,642,0,259,92,1027,3584,45,0,0,7,0,0,0,0,17,0,0,0,0,17,0,0,0,0,0,0,517,0,0,2,465,0,0,0,0,0,0,1149,0,154,0,0,0,0,0,0,0,0,130,103,0,0,165,0,0,106,45,21,0,0,41,0,0,0,0,0,0,0,0,0,0,0,0,28,0,0,0,0,15,0,0,0,0,10,0,0,0,0,18,0,0,14,0,0,258,187,0,0,458,0,82,0,0,0,109,0,0,0,4,0,0,81,0,0,38,17,77,0,1618,268,0,0,0,0,1204,5807,0,0,0,0,2,0,0,0,22,0,0,0,0,0,0,0,0,26,176,620,185,4,0,0,0,0,130,485,0,0,0,45,73,28,0,5,0,0,0,0,11,4,0,0,23,0,69,0,0,0,10,0,3,6,2,0,32,0,183,0,0,0,265,0,0,60,15,56,37,0,0,17,0,0,0,8,0,0,0,4,0,0,14,0,0,0,0,0,1028,0,4056,6,286,0,0,0,0,0,0,3,0,84,0,0,0,3,0,0,0,0,0,22,2,387,0,4,0,0,0,14,50,27,0,571,115,1688,0,44,0,7,6712,57,0,6,5,57,0,0,22,478,4,3,0,0,0,0,166,0,0,0,0,0,0,0,0,42,0,0,0,0,0,0,0,0,0,0,0,0,3,2,0,0,263,0,10,0,50,0,0,0,0,5,0,0,0,5,0,0,0,20,0,0,2393,0,0,0,0,0,0,0,4,89,410,581,2,7,0,0,116,0,797,272,0,0,0,0,0,96,6,0,0,16,0,0,0,0,6,39,0,0,0,0,0,20,0,9,0,0,0,0,0,0,0,0,0,0,4,0,0,7,0,0,0,0,0,7,0,0,25,0,35,53,0,0,43,0,0,9,5,0,0,4,17,20,0,13,0,14,0,2,215,0,4,0,979,0,0,140,123,0,0,0,11,5,1736,0,0,0,0,0,0,0,555,0,0,940,0,0,0,1147,68,0,0,0,0,79,0,0,0,0,0,10,5002,0,80,0,0
F102,0,0,8,39,0,0,0,0,0,819,0,30,128,937,5552,26,0,0,0,0,8,0,0,0,0,0,0,0,19,0,0,0,15,0,0,23,0,0,12,1117,0,0,0,0,0,0,649,0,374,0,0,3,0,0,0,0,0,89,552,0,0,100,0,0,484,8,3,0,0,22,0,16,0,3,0,0,0,0,0,0,0,0,48,0,0,0,0,13,0,0,3,0,8,0,0,0,0,0,0,0,20,8,0,108,262,0,122,574,0,0,0,0,0,155,0,0,0,0,0,0,64,0,20,0,52,23,70,380,5,7,56,0,0,1821,236,0,2,0,0,13,0,0,0,16,0,0,0,0,9,0,0,0,0,0,52,582,0,0,7,0,0,143,213,0,0,0,18,77,11,7,31,18,0,0,0,11,3,8,0,0,0,12,0,0,0,544,0,0,8,0,2,0,0,367,0,0,0,134,0,0,74,0,29,152,8,6,27,16,0,0,0,0,0,0,4,0,0,0,0,0,0,0,11,1185,13,2015,30,41,0,0,0,9,0,0,35,0,146,0,2,0,45,0,0,0,0,0,189,0,338,0,0,0,0,3,26,14,14,0,1186,90,2187,0,127,0,20,756,290,0,0,7,7,0,0,0,15,0,0,0,0,0,0,2,0,0,0,0,0,7,0,7,0,0,0,0,0,0,0,0,0,0,0,0,0,0,0,0,0,32,0,10,0,17,0,0,0,0,3,0,0,0,12,0,0,0,0,0,0,6394,0,0,0,0,0,0,0,0,0,272,108,14,0,0,0,76,0,654,48,0,0,11,9,55,4,8,0,0,17,0,0,0,0,0,0,0,0,0,0,0,31,0,0,0,10,0,0,0,0,2,0,0,3,0,0,0,0,0,15,0,0,0,23,0,0,106,0,755,47,0,0,21,0,0,0,6,0,0,0,0,9,0,0,0,6,0,0,90,0,0,0,1764,0,0,144,24,0,0,0,0,16,218,0,0,0,0,0,0,0,525,116,0,417,0,0,0,3502,97,0,0,6,14,5,0,61,0,0,0,4,5227,16,549,0,0
F105,0,0,5,0,0,0,0,6,0,981,0,19,54,1614,4836,0,0,0,0,0,3,0,0,0,0,0,0,0,20,0,0,0,7,0,0,48,0,0,6,1131,0,0,0,0,0,0,886,0,274,0,0,0,0,0,0,0,0,79,453,0,0,70,0,0,233,19,3,0,0,18,0,0,5,0,0,0,0,0,0,0,0,6,26,0,0,0,0,17,0,0,0,0,0,0,0,0,0,0,0,0,10,0,0,49,244,0,98,785,0,0,0,0,0,171,0,0,0,0,0,0,84,0,7,0,31,0,121,635,0,0,109,0,0,4736,425,0,3,0,0,4,0,0,0,35,0,0,0,0,6,0,7,3,0,0,25,480,0,0,0,0,0,140,155,0,0,0,10,91,11,9,16,0,0,0,0,21,4,3,0,0,0,11,0,4,0,534,0,0,23,0,0,6,0,365,0,0,0,48,0,0,175,0,21,106,0,0,50,21,0,0,0,0,0,0,0,0,0,0,2,0,0,4,0,1201,9,1386,15,44,0,0,0,0,0,2,33,0,138,0,6,0,22,0,0,0,0,0,43,0,11,0,2,0,0,0,8,0,14,0,1469,122,4351,0,101,0,0,570,254,0,0,0,3,0,0,0,20,7,0,0,0,0,0,0,0,3,0,0,2,0,0,4,0,0,0,0,0,0,0,0,0,0,0,0,0,0,0,0,0,15,0,5,0,0,0,0,0,8,0,0,0,0,16,0,0,0,8,0,0,5696,0,0,15,0,0,0,0,0,0,236,260,8,0,0,0,74,0,819,106,0,0,2,12,45,7,16,0,0,38,3,0,3,0,0,0,0,0,0,0,0,22,0,0,0,0,0,0,0,0,0,0,0,0,0,0,0,0,0,0,0,0,0,37,3,0,64,0,813,29,32,0,8,0,0,0,0,2,0,0,0,5,0,0,0,4,0,0,395,0,0,0,3167,0,0,389,62,0,0,0,0,45,363,0,0,0,0,0,0,0,1297,51,0,1044,0,0,0,3317,111,0,0,26,7,11,0,30,0,0,0,3,7371,0,447,0,0
F108,0,0,3,4,0,0,0,0,0,789,0,10,109,1057,4654,14,0,0,0,0,0,0,0,0,0,0,0,8,66,0,0,0,8,0,0,12,0,0,6,811,0,0,10,0,0,0,761,0,381,0,0,0,0,0,0,0,0,88,526,0,0,165,0,0,164,49,0,0,0,74,0,0,0,0,0,0,3,0,0,0,0,0,40,0,0,0,0,15,0,0,15,0,0,0,0,0,0,6,0,0,28,12,0,54,245,0,41,728,0,0,0,0,0,175,0,0,0,9,0,0,93,0,39,5,40,0,20,2983,10,0,108,0,0,2180,337,0,2,0,0,0,0,0,0,39,0,4,0,0,0,0,0,0,14,0,123,546,10,0,0,0,0,147,360,0,0,0,157,111,24,33,81,0,0,0,0,8,0,6,0,9,0,7,0,0,5,529,0,0,0,0,3,9,0,501,0,0,4,73,0,0,159,17,44,167,0,0,26,22,0,0,0,0,0,0,0,0,0,4,0,0,0,4,16,1255,15,1324,17,161,2,0,0,19,0,0,88,0,127,0,2,0,0,0,0,0,0,0,28,0,225,0,0,0,0,0,15,0,2,0,1273,142,2372,5,160,3,0,1543,331,0,0,0,0,0,0,0,11,0,0,0,0,0,0,68,0,0,0,0,0,0,0,2,0,0,0,0,0,0,0,0,0,0,0,0,0,0,0,0,0,19,0,8,0,0,0,0,0,0,0,0,0,0,25,0,0,0,0,0,0,4620,0,0,0,0,0,3,0,0,0,282,177,9,0,0,0,90,0,701,115,0,0,0,45,51,14,0,0,0,36,2,0,0,0,0,0,0,0,0,30,0,0,3,31,0,0,0,15,0,0,4,0,0,0,3,0,0,3,0,8,0,0,0,22,5,0,55,0,1316,42,0,0,21,0,0,8,5,0,5,0,0,0,0,8,0,0,0,0,142,0,15,0,2285,0,0,185,51,0,0,0,0,70,329,0,0,0,0,0,0,0,350,62,0,435,0,0,0,2789,84,0,0,9,0,9,0,10,0,0,0,0,4691,4,248,0,0
P37,0,0,0,104,0,36,0,0,0,619,0,150,54,1989,3315,94,0,0,0,0,0,0,0,19,0,0,0,2,22,0,0,0,0,0,0,2701,2,0,6,403,0,0,3,0,0,0,939,0,796,0,0,0,0,0,0,0,0,217,212,0,0,177,0,0,800,3,25,0,0,76,0,0,0,0,0,0,0,0,0,0,0,0,16,0,0,0,0,0,0,0,9,0,0,0,0,0,0,0,0,0,0,4,0,375,428,0,298,175,0,87,0,0,0,165,0,0,0,0,11,0,63,0,5,80,73,206,253,317,152,0,0,0,0,3624,1409,0,9,0,0,8,0,0,0,12,0,3,0,0,2,0,19,0,89,86,872,232,0,0,12,0,0,248,21,19,0,0,33,40,0,0,100,56,0,0,0,6,0,0,0,155,0,133,0,0,0,206,0,12,0,0,0,287,0,160,0,0,0,155,0,111,79,39,89,63,0,0,100,0,0,0,8,0,0,0,0,0,0,139,0,0,0,0,0,1024,6,2684,22,248,0,0,0,0,0,0,23,6,517,14,0,0,0,0,0,0,0,0,9,0,472,0,5,0,0,0,27,0,14,0,579,44,2657,0,63,0,0,2030,91,0,0,0,0,0,0,0,301,7,18,0,0,0,0,5,0,0,0,0,0,0,0,19,50,0,0,0,2,0,0,0,0,0,0,0,0,0,5,0,0,95,0,6,25,0,0,0,2,0,2,0,0,0,13,0,0,0,0,0,0,1947,0,0,4,0,0,0,0,0,110,466,132,9,0,0,0,0,0,451,118,0,0,0,36,21,30,0,0,0,12,0,0,0,0,0,7,0,0,0,0,0,22,2,0,0,0,0,0,0,0,0,0,0,0,0,0,0,0,0,2,0,0,0,0,0,0,37,0,155,36,3,0,51,0,0,5,15,0,0,2,7,5,0,0,0,14,0,0,173,0,0,0,909,0,0,448,67,0,0,0,7,0,909,5,0,0,0,2,0,0,724,0,0,956,0,0,0,1546,42,0,0,0,6,23,14,8,0,0,0,0,4570,7,530,0,0
P65,0,0,0,76,0,6,0,0,0,1014,0,129,62,1295,3334,19,37,0,0,0,0,0,2,17,0,0,0,0,36,0,0,0,0,0,0,616,0,3,4,494,0,0,0,0,0,0,1120,0,639,0,0,0,0,0,0,0,0,129,278,0,7,194,2,34,610,41,18,0,6,604,0,0,0,0,0,0,0,0,0,0,0,0,42,0,0,0,0,0,0,0,41,12,2,0,43,0,0,0,0,0,6,29,0,234,168,0,303,566,0,316,0,0,0,155,0,0,0,0,3,0,94,0,7,36,47,131,284,1582,102,0,0,0,0,2402,2698,7,3,0,0,10,0,0,0,57,0,0,0,0,0,0,0,0,82,142,422,242,0,0,8,0,359,243,554,0,0,0,57,78,43,0,33,79,0,0,0,7,5,0,0,373,0,37,9,9,4,88,0,0,11,0,0,35,8,207,0,29,373,487,0,6,112,71,85,121,3,23,24,21,0,0,3,0,0,3,18,0,0,14,0,0,0,0,0,1353,5,3379,133,673,0,0,0,18,0,0,42,0,296,0,0,0,35,0,0,0,0,0,32,0,592,0,0,0,0,0,32,42,39,0,517,82,1783,0,114,0,0,3576,115,0,0,0,31,0,0,0,375,0,0,2,0,0,0,134,0,0,0,0,0,0,0,2,15,0,0,0,0,0,0,0,0,0,0,0,0,0,0,0,0,161,6,21,0,10,0,0,0,0,0,0,0,0,5,0,0,0,16,0,0,1690,0,20,7,0,0,0,0,0,186,275,83,2,0,0,0,18,0,478,56,0,0,0,4,29,69,13,0,0,8,5,0,0,0,0,17,0,0,0,0,0,0,6,0,0,5,0,0,0,0,0,0,0,0,0,0,0,2,0,0,0,0,0,8,3,0,29,0,232,73,0,0,48,0,0,2,8,0,0,0,9,9,0,11,0,12,0,0,145,0,3,0,2345,0,0,183,67,0,0,0,5,9,997,0,0,0,0,0,0,0,395,7,0,773,0,0,0,1064,42,0,3,9,4,29,0,61,9,0,0,0,3339,68,355,15,0
P66,0,0,0,62,0,7,0,0,0,514,0,218,68,1077,2643,39,0,0,2,0,0,0,0,13,0,0,0,0,32,0,0,0,0,0,0,264,0,0,2,346,0,0,6,0,0,0,1193,0,336,0,0,0,0,0,0,0,0,166,106,0,0,274,0,0,296,44,8,0,11,41,0,0,0,0,0,0,0,0,0,0,0,0,43,0,0,0,0,10,0,0,6,0,12,0,0,0,0,14,0,0,8,0,0,294,73,4,238,789,0,257,0,0,0,153,0,0,12,0,0,0,44,0,0,25,23,121,107,1904,131,0,8,0,0,1440,2697,0,0,0,0,5,0,0,0,35,0,0,0,0,0,0,7,0,62,557,393,179,9,0,3,0,0,143,462,0,0,0,27,40,79,3,0,42,0,0,0,3,0,0,0,56,0,58,0,0,4,57,0,0,23,0,0,13,0,240,0,9,0,324,0,16,81,21,36,53,0,0,0,10,0,0,0,0,0,0,10,0,0,9,0,0,0,0,0,1084,11,3129,0,551,0,0,0,11,0,0,8,0,183,0,0,0,22,0,0,0,0,0,78,0,335,0,0,0,0,0,9,33,23,0,427,122,1879,0,38,0,0,9414,69,0,9,6,93,0,0,23,348,0,0,0,0,0,0,289,0,0,0,0,0,6,0,0,51,0,0,0,0,2,0,0,0,0,0,0,0,0,0,0,0,207,0,9,0,40,0,0,2,0,12,0,0,0,8,0,0,0,13,0,0,1451,0,0,6,0,0,4,0,0,130,258,516,5,0,0,0,68,0,728,91,0,0,0,0,29,0,27,0,0,20,0,4,0,0,6,16,0,0,0,0,0,11,6,20,0,0,0,10,0,0,0,0,0,0,7,0,0,0,0,0,0,0,0,0,0,0,20,0,180,19,0,0,57,0,0,3,6,0,0,0,7,12,0,0,0,13,0,0,228,0,4,0,2328,0,0,111,73,0,0,0,0,5,1063,0,0,0,0,0,0,0,410,0,0,924,0,0,0,1041,41,0,0,11,0,48,0,65,0,0,0,11,2509,0,458,0,0
P154,4,0,0,17,4,0,0,6,0,1086,0,23,110,996,4375,0,40,0,0,0,0,0,0,0,0,0,0,0,18,8,0,0,0,0,5,58,0,0,0,961,0,0,0,0,0,0,789,0,472,0,0,0,0,0,0,0,0,86,554,0,15,151,11,23,20,0,5,0,0,490,0,0,10,0,0,0,17,0,0,0,25,0,81,0,11,0,0,0,0,3,22,0,0,0,0,0,0,0,0,0,0,27,0,25,186,2,24,576,4,0,0,0,0,98,0,0,0,0,8,0,55,0,0,0,25,0,25,145,9,0,179,0,0,1425,36,0,84,0,0,15,0,0,0,24,2,0,0,0,0,0,0,0,14,0,47,616,3,0,9,0,532,180,48,0,0,0,13,131,16,0,17,2,0,0,0,11,0,0,14,107,0,0,24,0,2,132,2,2,14,0,0,0,10,265,0,6,354,70,0,0,171,20,8,178,8,25,20,37,3,0,0,0,0,13,7,0,0,4,0,0,0,0,11,830,5,1605,16,104,58,3,0,0,0,0,40,0,219,0,21,0,12,0,0,0,0,0,41,0,288,0,9,0,0,0,7,37,0,0,1242,66,1462,0,58,0,0,785,227,0,0,0,0,0,14,0,14,2,0,0,0,3,0,13,0,0,0,0,0,10,0,0,0,0,0,0,0,0,0,0,0,0,0,0,0,0,0,0,0,17,0,19,0,0,4,6,11,4,0,0,0,0,17,0,0,0,13,0,0,6633,0,23,27,0,0,0,0,5,0,292,251,0,0,0,0,48,0,741,64,0,0,5,8,116,0,0,0,0,53,0,0,5,0,0,0,0,0,0,2,0,0,5,0,0,25,0,0,0,0,0,0,0,10,0,0,11,2,0,0,0,0,0,22,0,0,114,0,1860,16,25,0,8,0,0,0,13,0,0,0,0,7,0,0,0,0,0,0,270,10,0,0,2670,0,0,185,0,0,0,0,0,68,235,0,0,5,0,0,0,0,576,64,0,902,0,0,0,3450,169,0,0,0,0,0,5,0,25,0,0,0,4701,10,42,0,0
P160,0,0,0,44,0,6,0,0,0,774,0,139,84,1037,3468,37,0,0,0,0,0,0,0,12,0,0,0,0,3,0,0,0,0,0,2,376,0,0,0,512,0,0,6,0,0,0,1371,0,113,0,0,0,0,0,0,0,0,94,195,0,0,122,0,0,701,15,9,0,0,33,0,0,0,0,0,0,0,0,0,0,3,0,13,0,0,0,0,8,0,0,0,0,8,0,0,0,0,12,0,0,14,0,0,315,201,0,159,486,0,137,0,0,0,161,0,0,0,0,0,0,119,0,0,36,28,91,72,1245,112,0,0,0,0,1837,2362,0,5,0,0,0,0,0,0,25,0,0,0,0,0,0,0,0,14,97,507,149,0,0,0,0,0,157,444,0,0,0,24,24,0,0,0,5,3,0,0,0,0,0,0,43,0,0,0,0,2,114,0,2,30,0,0,21,0,212,0,9,0,119,0,0,63,12,78,37,0,3,24,4,0,0,2,0,0,0,0,0,0,49,0,0,0,0,0,1432,4,4597,3,266,5,0,0,0,0,0,7,4,77,0,0,0,18,0,0,0,0,3,21,0,426,0,2,0,0,0,11,25,8,2,681,109,1792,0,20,0,0,3903,92,0,3,0,20,0,0,5,368,6,0,0,0,0,0,170,0,0,0,0,0,2,0,8,34,0,0,0,0,0,0,0,0,0,0,0,0,0,0,0,0,126,0,4,0,14,2,0,0,0,9,0,0,2,4,0,0,0,6,0,0,2530,0,0,9,0,0,0,0,0,89,534,422,0,0,0,0,28,0,614,108,0,0,4,9,0,17,0,0,0,20,0,0,2,2,0,10,0,0,0,0,0,27,4,0,0,0,0,0,0,0,0,0,0,0,0,0,0,6,2,0,0,0,0,0,0,0,43,0,233,64,2,0,22,0,3,0,21,0,0,3,20,7,0,21,0,0,0,0,181,0,0,0,1130,0,0,198,144,0,0,5,17,0,1096,0,0,0,0,0,0,0,660,0,0,982,0,0,0,1513,48,0,0,15,0,15,4,20,0,0,0,8,4545,0,742,0,0
G42,0,0,2,45,0,70,0,0,0,628,0,129,92,1397,3086,36,0,0,0,0,0,0,0,0,0,0,0,0,78,0,0,0,0,0,0,356,0,0,10,346,0,0,3,0,0,0,1259,0,599,0,0,0,0,0,0,0,0,89,316,0,0,94,0,0,2802,17,9,0,0,142,0,0,0,0,0,0,0,0,0,0,0,0,38,0,0,0,0,0,0,0,0,0,3,0,13,0,0,0,0,0,16,5,0,129,111,0,119,405,0,39,0,0,0,213,0,0,9,0,0,0,84,0,0,26,26,45,57,953,72,0,8,0,0,1967,2877,0,11,0,0,0,0,0,0,13,0,0,0,0,0,0,4,0,11,66,600,161,12,0,3,0,49,109,631,0,0,0,41,28,27,0,0,42,0,0,0,0,0,4,0,46,0,15,5,5,2,491,0,2,17,0,0,18,0,274,0,0,39,7,0,266,87,0,81,93,0,37,24,5,0,0,0,0,0,0,11,0,0,18,0,0,0,0,3,1076,0,1897,9,192,0,0,0,0,0,0,39,4,224,0,0,0,21,0,0,0,0,0,15,0,479,0,0,0,0,0,11,0,44,0,438,68,2160,0,76,2,0,4929,162,0,0,5,9,0,0,0,172,48,0,0,0,0,0,273,0,0,0,0,0,0,0,0,8,0,0,0,0,0,0,0,0,0,0,0,0,0,0,0,0,60,0,0,50,21,0,0,0,0,0,0,0,0,15,0,0,0,11,0,0,2242,0,0,4,0,0,0,0,0,56,186,120,0,0,0,0,118,0,429,168,0,0,0,9,25,89,0,0,0,0,3,0,6,0,0,9,0,0,0,0,0,12,16,0,0,0,0,9,0,0,0,0,0,0,0,0,0,0,4,0,0,0,9,0,0,0,0,0,534,37,0,0,72,0,0,5,28,0,0,0,5,4,0,0,0,0,0,0,189,0,0,0,2093,0,0,202,89,0,0,6,0,21,765,0,0,0,0,0,0,0,880,12,0,793,0,0,8,1449,47,0,0,0,0,24,0,6,4,0,0,9,3667,0,1414,0,2
G45,0,0,0,68,0,35,0,0,0,615,0,94,61,1467,3132,28,0,0,0,0,0,0,0,6,0,0,0,0,56,5,0,0,0,0,0,981,0,0,0,455,0,0,0,0,0,0,1291,0,254,0,0,0,0,0,0,0,0,85,298,0,0,147,0,0,1273,18,21,0,0,65,0,0,0,0,0,0,0,0,0,0,0,0,50,0,0,0,0,0,2,0,0,0,2,2,2,0,0,0,0,0,8,2,0,186,247,0,72,383,0,34,0,0,0,315,0,0,39,0,0,0,63,0,0,62,44,26,44,2184,125,0,0,0,0,3152,1881,0,6,0,0,0,0,0,0,16,0,8,0,0,0,0,8,0,13,55,436,305,15,0,0,0,3,133,474,0,0,0,105,28,14,0,0,8,0,0,0,12,0,3,4,7,0,42,0,0,0,642,0,4,17,0,0,83,0,486,0,0,0,74,0,148,72,17,68,316,0,4,38,6,0,0,0,0,0,0,0,0,0,103,0,0,0,0,15,1488,14,2427,0,361,0,0,0,0,0,0,54,0,242,0,0,0,17,0,0,0,0,0,7,0,312,0,0,5,0,0,51,0,26,0,527,90,3086,0,24,0,0,4107,219,0,0,5,8,0,0,0,129,0,0,0,0,0,0,107,0,0,0,0,0,0,0,0,4,0,0,0,0,0,0,0,0,0,0,0,0,0,0,0,0,128,4,0,31,15,0,0,0,0,0,0,0,0,6,0,0,0,3,0,0,2835,0,0,42,0,0,0,0,0,71,284,126,2,0,0,0,24,0,398,138,0,0,0,5,25,106,0,0,0,4,0,0,11,0,0,8,0,0,0,0,0,27,13,10,0,0,0,8,0,0,0,0,0,0,0,0,0,0,2,0,0,0,0,0,0,0,38,0,626,36,10,0,109,0,0,5,14,0,0,0,0,5,0,0,0,0,0,0,230,0,0,0,2044,0,0,233,79,2,0,0,0,12,927,0,0,0,0,0,0,0,832,0,0,998,0,0,5,2384,32,0,0,0,0,2,0,32,0,0,0,8,4304,0,748,0,0
G48,0,0,0,26,0,19,0,0,0,700,0,136,54,1437,4063,42,0,0,0,0,0,0,0,6,0,0,0,0,61,0,0,0,0,0,0,676,0,0,8,398,0,0,3,0,0,0,1021,0,165,0,3,0,0,0,0,0,0,106,216,0,0,72,0,0,2218,34,22,0,0,106,0,0,0,0,0,0,0,0,0,0,0,0,31,0,0,0,0,7,0,0,0,0,5,0,0,0,0,0,0,0,10,0,0,302,91,0,128,336,0,128,0,0,0,214,0,0,10,0,3,0,48,0,0,49,30,81,74,2021,94,0,0,0,0,2390,1464,0,2,0,0,0,0,0,3,35,0,0,0,0,0,0,11,0,32,11,446,152,0,0,3,0,30,126,432,0,0,0,17,40,19,0,0,17,0,0,0,0,0,2,0,0,0,28,0,0,0,379,0,5,11,0,0,45,0,234,0,15,16,43,0,55,95,16,67,75,0,0,41,6,0,0,2,0,0,0,13,2,0,43,0,0,0,0,10,1136,5,1408,9,429,0,0,0,0,0,0,20,0,163,0,0,0,8,13,0,0,0,3,0,0,364,0,0,0,0,0,29,0,22,0,512,88,2663,0,86,0,0,4336,242,0,3,2,16,0,0,0,132,0,9,0,0,0,0,68,0,0,0,0,0,3,0,0,10,0,0,0,0,0,0,0,0,0,0,0,0,0,0,0,0,78,0,12,56,9,2,0,0,0,0,0,0,0,12,0,0,0,6,0,0,2766,0,0,9,0,0,0,0,0,97,213,397,5,0,0,0,36,0,462,125,0,0,0,9,14,189,7,0,0,6,0,7,0,0,0,2,0,0,0,0,0,17,16,9,0,0,0,20,0,0,0,0,0,0,0,0,0,0,0,0,0,0,0,0,0,0,44,0,277,42,0,0,67,0,0,3,10,0,0,0,5,6,0,0,0,16,0,0,209,0,0,0,1459,0,0,166,111,0,0,0,0,6,1158,0,0,0,0,0,0,0,522,0,0,1227,0,0,0,2070,6,0,0,0,8,26,0,37,0,0,0,0,3697,9,2306,0,0
G07,0,0,0,47,0,13,0,0,0,462,0,86,62,832,3150,0,0,0,0,0,0,0,0,10,0,0,0,0,48,0,0,0,11,0,0,2810,0,0,5,333,0,0,0,0,0,0,864,0,186,0,0,0,0,0,0,0,0,113,203,0,0,77,0,0,1965,5,58,0,0,32,0,0,0,0,0,0,0,0,0,0,0,0,36,0,0,0,0,0,0,0,0,0,0,0,0,6,3,5,0,0,13,4,0,195,106,0,77,544,0,245,0,0,0,105,0,0,5,0,17,0,31,0,0,55,38,271,24,2587,79,0,0,0,0,1773,3038,0,6,0,0,0,0,0,0,33,0,8,0,0,0,0,11,0,64,463,423,132,13,0,11,0,29,210,311,0,0,0,19,64,178,0,12,12,0,0,0,0,0,5,0,107,0,171,3,0,0,449,0,3,0,0,0,175,0,277,0,3,29,128,0,89,71,6,78,59,0,0,21,5,0,0,0,0,0,0,11,0,0,9,0,0,0,0,0,929,6,2106,28,361,0,0,0,0,0,0,27,0,171,0,0,0,47,5,0,0,0,3,14,0,326,0,0,0,0,0,20,25,44,0,361,73,1554,0,59,0,0,2950,85,0,0,19,19,0,0,5,170,0,0,0,0,0,0,419,0,0,0,0,0,3,0,0,29,0,0,0,0,0,0,0,0,0,0,0,0,0,0,0,0,190,0,3,50,16,0,0,0,0,0,0,0,0,11,0,0,0,6,0,0,2373,0,0,0,0,0,0,0,3,113,288,179,5,4,0,0,73,0,408,81,0,0,0,8,34,61,31,0,0,19,0,0,4,0,13,14,0,0,0,0,0,9,0,0,0,0,0,13,0,0,0,0,0,0,0,0,0,0,0,0,0,7,0,0,4,0,26,0,487,44,0,0,73,3,0,0,17,0,0,4,10,3,0,0,0,0,0,0,96,0,6,0,2648,0,0,192,31,0,0,0,0,44,756,0,0,0,0,0,0,0,436,0,0,670,0,0,8,1577,0,0,0,9,0,9,0,22,0,0,0,13,2760,0,421,0,0
G27,0,0,0,75,0,43,0,0,0,670,0,140,74,1059,3630,0,4,0,0,0,0,0,0,11,0,0,2,0,95,0,0,0,0,0,0,971,0,0,0,340,0,0,2,0,0,7,1002,0,297,0,0,3,0,0,0,0,0,60,300,0,0,155,0,0,1032,28,24,0,0,143,0,0,0,0,0,0,0,0,0,0,0,0,67,22,0,0,0,0,0,0,0,0,0,0,0,4,0,13,0,0,14,0,0,370,207,0,149,620,0,49,0,0,0,204,0,0,3,0,14,0,104,0,0,63,63,185,101,2106,134,0,0,0,0,1480,2767,0,23,2,0,13,0,0,0,155,0,0,0,0,0,0,7,0,14,139,1424,197,0,0,3,0,24,132,757,0,0,3,26,75,57,0,0,32,0,0,0,11,0,2,0,36,0,92,0,0,3,532,0,5,21,0,0,40,0,302,0,0,18,132,0,153,88,26,83,51,0,37,108,6,0,0,2,0,0,0,20,0,0,73,0,0,0,0,6,1007,3,2510,40,672,0,0,0,0,0,0,11,0,227,27,0,0,34,0,0,0,0,0,7,0,292,0,0,0,0,0,103,0,42,0,500,62,2071,0,81,0,0,4372,347,0,5,13,10,0,0,30,211,0,0,0,0,0,0,485,0,2,0,0,0,15,0,0,42,0,0,0,0,0,0,0,4,0,0,0,0,0,0,0,0,225,0,21,0,39,0,0,0,0,3,0,0,0,10,2,0,0,6,0,0,2427,0,0,2,0,0,0,0,3,121,316,253,0,0,0,0,85,0,370,117,0,0,0,8,22,24,20,0,0,0,0,3,12,0,0,20,0,0,0,10,0,11,0,0,0,0,0,22,0,0,0,0,0,0,10,0,0,9,8,7,2,0,0,0,0,0,0,0,421,46,6,0,213,0,0,5,24,0,0,0,26,13,0,0,0,0,0,0,212,0,23,0,2128,0,0,187,83,0,0,0,4,16,1110,0,0,0,0,10,0,0,459,0,0,1360,0,0,0,1498,64,0,0,4,0,30,0,60,2,0,0,15,3893,0,719,0,0
I01,0,0,3,64,0,0,0,0,0,787,0,108,81,1389,4147,68,0,0,0,0,0,0,0,9,0,0,0,0,62,0,0,0,0,0,0,1415,0,0,0,533,0,0,4,0,0,0,1079,0,374,0,0,0,0,0,0,0,0,94,304,0,0,78,0,0,851,11,31,0,0,73,0,0,0,0,0,0,0,0,0,0,0,0,54,0,0,0,0,5,0,0,3,0,0,0,0,0,0,0,0,0,4,0,0,263,165,0,223,198,0,36,0,0,0,177,0,0,0,0,10,0,46,0,0,16,21,40,150,1095,139,0,0,0,0,2170,1089,0,0,0,0,0,0,0,0,42,0,0,0,0,0,0,5,0,65,80,592,183,0,0,0,0,3,166,256,0,0,0,9,41,27,0,44,30,0,0,0,7,3,0,0,24,0,88,0,0,0,138,0,14,11,0,0,78,0,271,0,0,4,77,0,26,79,12,89,138,0,5,41,0,0,0,0,0,0,0,0,0,0,7,0,0,0,0,8,1154,4,3026,8,304,0,0,0,0,0,0,20,0,243,0,0,0,18,0,0,0,0,0,10,0,563,0,3,0,0,0,10,0,24,0,561,85,2232,0,58,0,0,4614,281,0,0,2,0,0,0,0,254,2,0,0,0,0,0,148,0,0,0,0,0,3,0,0,0,0,0,0,0,0,0,0,0,0,0,0,0,0,0,0,0,68,0,8,40,0,0,0,0,0,0,0,0,0,4,0,0,0,15,0,0,3428,0,0,13,0,0,0,0,0,69,158,142,12,0,0,0,21,0,426,119,0,12,0,4,27,85,3,0,0,9,0,0,0,0,0,0,0,0,0,128,0,0,9,13,0,0,0,2,0,0,0,0,0,0,0,0,4,0,0,2,0,0,0,19,0,0,42,0,426,39,0,0,57,0,0,11,6,0,0,0,5,0,0,14,0,0,0,0,209,0,0,0,1294,0,0,192,58,0,0,0,0,11,1288,0,0,0,0,0,0,0,574,0,0,1023,0,0,16,2024,71,0,0,0,0,11,0,7,10,0,0,4,5683,13,657,0,8
I03,0,0,0,83,5,54,6,0,0,509,0,179,54,934,4144,99,0,28,0,0,0,5,0,18,0,0,2,2,34,0,0,0,12,0,0,761,0,0,5,236,0,0,0,0,0,0,996,3,228,0,0,0,0,0,0,4,0,50,77,0,0,33,0,0,1221,22,26,0,0,183,0,0,0,0,0,0,0,0,0,0,0,0,16,50,0,0,0,0,0,0,0,0,6,5,0,0,0,12,0,0,20,0,0,322,311,0,437,935,7,135,0,0,0,267,0,0,0,0,7,0,112,0,26,111,22,184,289,1202,113,0,0,0,0,1557,1530,0,5,3,0,0,0,0,6,34,0,0,0,0,0,0,5,0,15,221,1427,198,5,0,0,0,0,127,538,0,0,0,139,60,10,14,0,21,0,0,0,4,0,6,0,2,0,50,0,0,0,370,0,0,43,2,0,42,0,216,0,0,8,52,0,241,92,31,81,106,0,0,27,10,0,0,18,0,0,0,0,2,0,176,0,0,0,0,0,1071,0,2152,9,400,0,0,0,0,0,0,50,0,229,0,0,0,0,0,0,0,0,0,3,0,509,0,0,0,0,0,25,14,54,0,393,57,1980,12,39,35,0,4127,365,0,3,0,13,0,0,2,218,0,0,0,2,0,2,433,0,4,2,0,0,4,0,11,15,0,0,0,4,3,0,0,0,0,0,0,0,0,0,0,0,118,0,11,0,20,2,0,0,0,0,0,0,0,39,0,0,0,10,0,0,1748,0,0,4,0,0,0,0,0,105,446,203,11,0,3,0,20,0,581,106,0,0,2,56,21,78,0,0,72,0,0,0,0,0,0,10,0,0,0,0,0,26,0,24,0,0,0,14,0,0,0,0,0,0,0,71,0,3,3,3,0,0,7,17,0,0,20,3,233,36,2,3,190,0,0,8,5,0,0,0,0,18,0,0,0,14,8,0,140,0,0,0,1734,0,0,122,110,0,0,0,0,4,950,0,0,3,0,0,0,0,717,0,0,895,0,0,0,944,52,0,0,0,0,94,0,91,0,0,2,9,3516,41,564,0,0
I05,0,0,0,46,0,34,0,0,0,586,0,128,54,1365,3179,77,0,0,0,0,0,0,0,19,0,0,0,0,44,0,0,0,3,0,0,1591,0,0,22,530,0,0,0,0,0,6,852,0,198,0,0,0,0,0,0,0,0,133,181,0,0,68,0,0,586,0,45,0,0,50,0,0,0,0,0,0,0,0,0,5,0,0,70,0,0,0,0,0,0,0,0,0,9,0,0,0,0,18,0,0,6,0,0,297,180,0,123,286,2,40,0,0,0,233,0,0,4,0,10,0,62,0,0,71,27,62,88,656,66,0,0,0,0,2108,918,0,10,0,0,0,0,0,0,152,0,0,0,0,0,0,4,0,9,84,557,253,0,0,6,0,2,117,416,0,0,0,45,54,13,0,0,0,0,0,0,17,2,0,0,11,0,60,0,0,4,198,0,15,27,0,0,149,0,223,0,0,0,90,0,18,78,12,91,110,0,0,45,0,0,0,0,0,0,0,11,0,0,72,0,0,0,0,17,1151,4,1920,6,447,0,0,0,0,0,0,29,0,209,0,0,0,21,0,0,0,0,0,0,0,369,0,0,0,0,0,22,9,21,0,406,73,2260,0,40,0,0,6454,184,0,4,0,0,0,0,0,146,0,0,0,0,0,0,135,0,0,0,0,0,3,0,0,11,0,0,0,0,4,0,0,3,0,0,0,0,0,3,0,3,42,0,0,0,5,0,0,0,0,0,0,0,0,0,0,0,0,12,0,0,3468,0,0,14,0,0,0,0,0,90,282,421,8,0,0,0,18,2,485,100,0,0,0,5,43,21,4,0,0,5,0,0,14,0,0,26,0,0,0,0,0,18,13,15,0,0,0,14,0,0,0,0,0,0,0,0,0,0,0,0,0,0,0,0,0,0,30,0,125,46,0,0,69,0,0,0,40,0,0,7,6,6,0,0,0,0,0,0,300,0,0,0,1976,0,0,235,42,0,0,0,0,0,1290,0,0,0,0,0,0,0,676,0,0,1018,0,0,0,1732,72,0,0,5,0,7,0,0,0,0,0,4,4668,0,434,0,0
I07,0,0,2,39,2,16,0,2,0,604,0,105,43,1362,3320,16,0,0,0,0,0,0,0,11,0,0,0,0,22,0,0,0,0,0,0,590,0,0,3,337,0,0,0,0,0,0,918,0,154,0,0,0,0,0,0,0,0,64,181,0,0,62,0,0,1243,17,15,0,0,57,0,0,0,0,0,0,0,0,2,0,0,0,8,17,0,0,0,0,0,0,0,0,0,0,0,0,0,11,0,0,0,0,0,251,242,2,250,241,0,35,0,0,0,188,0,0,0,4,5,0,122,0,18,54,25,69,171,1316,107,0,0,0,0,2010,3359,0,0,0,0,0,0,0,0,47,0,0,0,0,0,0,0,0,0,79,936,182,0,0,0,0,0,126,427,0,0,0,27,174,36,0,0,13,0,0,0,10,0,0,0,0,0,45,0,0,0,173,0,7,15,0,0,46,0,221,0,0,0,101,0,46,56,14,91,16,0,0,38,5,0,0,10,0,0,0,4,0,0,74,0,0,0,0,0,1022,2,2071,5,196,0,0,0,0,0,0,13,0,254,10,0,0,7,4,0,0,0,3,0,0,404,0,5,0,0,0,11,0,35,0,422,87,1913,0,48,0,0,4468,190,0,5,0,27,0,0,3,216,0,0,0,0,0,0,245,0,0,0,0,0,4,0,0,8,0,0,0,0,0,0,0,0,0,0,0,0,0,4,0,0,135,11,6,40,8,0,0,0,0,0,0,0,0,12,0,0,0,7,0,0,2900,0,0,2,0,0,0,0,0,77,330,282,0,0,0,0,79,0,417,108,0,0,0,36,3,7,0,0,60,2,0,0,0,0,2,19,0,0,0,0,0,20,0,0,0,0,0,2,0,0,0,0,0,0,0,0,0,0,0,0,0,0,0,0,0,0,22,0,400,50,0,0,87,0,0,4,30,2,0,0,11,9,0,25,0,0,0,0,166,0,0,0,1146,0,0,274,111,0,0,0,0,4,1115,0,0,0,0,7,0,0,1360,0,0,1060,0,0,0,1108,35,0,0,0,0,49,0,22,0,0,0,0,5161,0,871,0,0
I08,0,0,2,41,0,21,0,0,0,751,0,114,57,1485,2537,48,0,0,0,0,0,0,0,0,0,0,0,0,61,0,0,0,0,0,0,872,0,0,7,344,0,0,6,0,0,0,1143,0,455,0,0,0,0,0,0,0,0,114,220,0,0,234,0,0,1066,0,20,0,0,152,0,0,0,0,0,0,0,0,0,0,0,0,45,0,0,0,0,12,0,0,0,0,0,0,0,0,0,12,0,0,0,0,0,230,180,0,194,565,0,153,0,0,0,252,0,0,14,0,15,0,57,0,0,52,36,164,144,514,130,0,9,0,0,2382,1808,0,5,0,0,4,0,0,12,93,0,8,0,0,0,0,8,0,58,110,708,285,12,0,0,0,0,133,512,0,0,0,124,32,6,0,0,0,0,0,0,14,2,0,0,27,0,72,0,0,0,227,0,5,41,0,0,62,0,210,0,13,0,176,0,74,103,29,80,165,0,0,43,17,0,0,3,0,0,0,15,0,0,101,0,0,0,0,0,1173,0,1951,13,644,0,0,0,8,0,2,17,2,303,0,0,0,0,0,0,0,0,0,12,0,359,0,2,0,0,0,32,5,87,0,321,99,2381,0,27,0,0,4409,144,0,6,4,0,0,0,0,371,0,0,0,0,0,0,121,0,0,0,0,0,6,0,0,43,0,0,0,0,0,0,0,2,0,0,0,0,0,0,0,0,78,0,7,0,0,0,0,0,0,0,0,0,0,8,0,0,0,23,0,0,2393,0,0,10,0,0,0,0,0,127,303,181,10,0,0,0,12,0,385,72,0,0,5,15,32,0,11,0,14,13,2,6,0,0,0,12,0,0,0,0,0,0,7,10,0,0,0,10,0,0,0,0,0,2,0,0,0,9,0,0,6,0,0,0,0,0,0,0,170,43,3,0,67,0,0,3,59,0,0,3,19,6,0,0,0,0,0,0,282,0,6,0,1837,0,0,316,122,0,0,0,0,0,914,0,0,0,0,0,0,0,971,10,2,1287,0,0,0,18,63,0,0,6,0,23,0,16,0,0,0,0,3670,0,635,0,15
I09,0,0,0,61,0,12,0,0,0,705,0,108,58,1808,4059,30,0,0,0,0,0,0,0,25,0,0,0,0,61,0,0,0,0,0,0,1612,0,0,12,393,0,0,0,0,0,0,1016,0,108,0,0,0,0,0,0,0,0,145,166,0,0,40,0,0,709,15,54,0,0,0,0,0,0,0,0,0,0,0,0,7,0,0,17,0,0,0,0,5,0,0,0,0,0,0,0,3,0,0,0,0,4,0,0,297,199,0,166,248,0,67,0,0,0,139,0,0,0,0,21,0,37,0,0,21,14,35,101,1757,122,0,12,0,0,3175,2293,0,0,0,0,2,0,0,0,51,0,0,0,0,0,0,5,0,0,67,587,142,0,0,0,0,10,160,386,11,0,0,0,52,23,0,25,15,0,0,0,0,2,0,0,11,0,46,0,0,0,114,0,10,9,0,0,68,0,241,0,0,0,80,0,12,44,0,80,59,0,0,37,10,0,0,0,0,0,0,19,0,0,10,0,0,2,0,8,1082,0,3344,8,333,0,0,0,0,0,0,32,0,152,0,0,0,6,9,0,0,0,0,0,0,512,0,5,0,2,0,20,7,11,0,508,55,3047,0,84,0,0,4669,227,0,0,14,31,0,0,2,232,0,0,0,0,0,0,61,0,0,0,0,0,6,4,0,0,0,0,0,2,0,0,0,0,0,0,0,0,0,0,0,0,93,0,3,0,27,3,0,0,0,0,0,0,0,7,0,0,0,12,0,0,2949,0,0,11,0,0,0,0,0,39,138,150,5,0,0,4,42,0,457,91,0,0,0,2,48,130,5,0,0,0,0,4,0,0,0,0,0,0,0,0,0,25,0,9,0,0,0,0,0,0,0,0,0,0,0,0,0,0,0,0,0,0,0,0,0,0,0,0,400,25,2,0,48,0,0,0,13,0,0,0,12,0,5,0,0,0,0,0,215,0,3,0,1310,0,0,190,40,0,0,0,0,17,1150,0,0,0,0,0,0,0,546,0,0,1018,0,0,0,1654,79,0,0,0,0,4,0,17,0,0,0,0,4621,0,615,0,0
I11,0,0,0,0,0,33,0,0,0,446,0,69,32,1279,1831,18,0,0,0,0,0,0,0,0,0,0,0,0,54,0,0,0,0,0,0,479,0,0,0,342,0,0,15,0,0,0,583,0,344,0,0,2,0,0,0,0,0,96,144,0,0,128,0,8,484,0,28,0,0,85,0,0,0,0,0,0,0,0,0,0,0,0,56,0,0,0,0,13,0,0,0,0,9,0,0,0,0,58,0,0,0,0,0,73,92,0,11,748,0,56,0,0,0,194,0,0,0,0,0,0,107,0,0,26,59,56,0,244,46,0,0,0,0,2142,1060,0,0,0,0,0,0,0,0,49,0,10,0,0,0,0,4,0,0,54,582,249,23,0,0,0,0,86,687,0,0,0,319,13,9,26,0,0,0,0,0,21,0,0,0,6,0,62,0,0,6,125,0,3,13,0,0,21,0,175,0,0,0,32,0,270,112,13,36,113,0,0,23,18,0,0,18,0,0,0,0,0,0,78,0,0,0,0,0,1152,8,932,0,242,0,0,0,0,0,0,16,0,137,0,0,0,0,0,0,0,0,2,20,0,209,2,0,0,0,0,9,10,218,0,206,89,2283,0,23,0,0,8603,181,0,18,0,0,0,0,0,308,4,0,0,0,0,0,413,0,4,0,0,0,4,0,0,28,0,0,0,0,5,0,0,0,0,0,0,0,0,3,0,0,27,0,12,0,0,0,0,0,0,0,0,2,0,0,0,0,0,14,0,0,2529,0,0,16,0,0,9,0,6,0,164,772,0,0,0,0,16,0,272,56,0,0,3,8,25,9,3,0,32,39,4,0,12,0,6,26,0,0,0,0,2,0,5,11,0,0,10,20,0,0,0,0,0,0,27,0,5,0,0,0,0,0,0,0,0,0,32,0,552,38,0,0,274,0,0,5,23,0,0,6,7,0,0,0,0,0,0,0,377,0,11,0,5698,0,0,271,127,0,0,0,0,3,930,0,0,0,0,4,0,0,1046,0,0,1233,0,0,0,1479,5,0,2,4,0,65,0,4,0,0,0,16,3434,0,377,0,0
I13,0,0,0,38,0,7,0,0,0,609,0,135,46,2676,2796,0,0,0,0,0,0,0,0,0,0,0,0,0,26,0,0,0,0,0,0,1026,0,0,4,475,0,0,5,0,0,0,1292,0,454,0,0,0,0,0,0,0,0,127,436,0,0,198,0,0,1909,44,42,0,0,90,0,0,0,0,0,0,0,0,0,0,0,0,15,0,0,0,0,8,0,0,0,0,0,0,15,0,0,23,0,0,7,2,0,142,104,0,419,227,0,154,0,0,0,113,0,0,4,0,11,0,70,0,0,41,37,143,252,1681,48,0,0,0,0,5242,5291,0,0,0,0,5,0,0,0,28,0,0,0,0,0,0,0,0,37,1439,475,107,11,0,2,0,2,125,563,0,0,0,65,19,57,4,27,41,0,0,0,4,0,0,0,230,0,125,0,7,10,589,0,4,23,0,0,44,0,218,0,6,0,80,0,65,66,26,71,91,0,7,43,11,0,0,0,0,0,0,6,0,0,39,0,0,0,0,0,1581,6,1628,21,365,0,0,0,7,0,0,28,0,200,0,0,0,7,0,0,0,0,0,22,0,419,0,0,0,0,0,13,8,116,0,383,115,4302,0,61,0,0,3681,152,0,10,8,42,0,0,5,287,0,0,11,0,0,0,136,0,0,0,0,0,0,0,3,16,0,0,0,0,0,0,0,0,0,0,0,0,0,0,0,0,120,0,5,39,39,0,0,0,0,0,0,0,0,11,0,0,0,20,0,0,3061,0,0,13,0,0,0,0,0,94,376,556,8,0,0,0,47,0,381,43,0,0,0,10,15,21,7,0,0,46,0,0,3,0,6,12,0,0,0,0,0,0,0,8,0,0,18,8,0,0,0,0,0,0,0,0,0,0,35,0,0,0,0,7,0,0,26,2,199,26,0,0,94,0,0,5,7,0,0,3,11,0,0,0,0,0,0,5,414,0,6,0,3067,0,0,444,61,0,0,0,0,0,770,0,0,0,0,0,0,0,803,0,0,1386,0,0,0,1294,31,0,0,12,0,33,0,34,0,0,0,25,3719,0,1001,0,0
I15,0,0,0,45,2,20,0,0,0,387,0,118,55,1021,3294,20,0,0,0,0,0,0,0,4,0,0,0,0,11,0,0,0,0,0,0,657,0,0,6,327,0,0,3,0,0,0,678,0,93,0,0,2,0,5,0,0,0,75,119,0,0,18,0,0,1917,11,17,0,0,33,0,0,0,0,0,0,0,0,0,0,0,0,24,27,0,0,0,0,0,0,0,0,6,0,0,0,0,16,0,0,0,0,0,237,322,0,84,384,6,20,0,0,0,169,0,0,0,0,0,0,161,0,0,104,33,39,31,1636,64,0,0,0,0,1823,3175,0,2,0,0,0,0,0,0,28,0,0,0,0,2,0,0,0,0,67,857,121,0,5,0,0,0,89,779,0,0,0,17,44,30,0,0,14,0,0,0,3,0,0,0,0,0,43,0,0,0,252,0,0,22,0,0,28,0,198,0,0,0,81,0,128,49,19,92,36,0,0,50,0,0,0,18,0,0,3,0,0,0,50,0,0,0,0,11,915,0,1911,0,186,0,0,0,0,0,0,31,0,185,10,0,3,6,0,0,0,0,0,10,0,363,0,0,0,0,0,9,11,116,0,461,77,1922,0,56,5,0,7385,113,0,0,0,0,0,0,0,125,0,0,0,3,0,0,506,0,0,0,0,0,3,0,0,2,0,0,0,0,0,0,0,0,0,0,0,0,0,0,0,0,109,0,0,47,14,0,0,0,0,0,0,0,0,35,0,0,0,0,0,0,2616,0,0,4,0,0,0,0,0,56,263,316,2,0,0,0,81,0,539,116,0,0,0,34,4,54,0,0,36,0,0,0,0,0,7,50,5,0,0,0,2,39,19,0,0,0,0,9,0,0,2,0,0,0,9,0,0,0,0,0,0,0,0,0,0,0,0,0,441,25,0,0,198,0,0,13,42,0,0,0,3,17,0,17,0,0,0,0,221,0,3,0,1729,0,0,125,115,0,0,0,10,13,1051,0,0,0,0,0,0,0,889,0,0,629,0,0,0,1294,50,0,2,0,0,87,0,32,0,0,0,15,4311,0,1146,0,5
I17,0,0,0,18,0,8,0,0,0,688,0,127,92,1573,3039,67,0,0,0,0,0,0,0,32,0,0,0,0,50,0,0,0,0,0,0,904,0,0,0,523,0,0,0,0,0,0,1394,0,305,0,0,0,0,0,0,0,0,125,394,0,0,66,0,0,1044,21,15,0,0,117,0,0,0,0,2,0,3,0,0,0,0,0,46,0,0,0,0,0,0,0,15,0,0,0,0,0,0,0,0,0,11,0,0,241,210,0,216,474,0,72,0,0,0,293,0,0,8,0,0,0,61,0,0,40,28,72,181,1410,97,0,0,0,0,3217,1677,0,0,0,0,0,0,0,0,34,0,0,0,0,0,0,4,0,35,90,602,353,0,0,0,5,4,127,372,0,0,0,52,16,12,2,0,0,0,0,0,0,0,0,0,30,0,32,0,0,0,367,0,6,29,0,0,59,0,300,0,5,14,36,0,5,57,51,65,135,0,0,53,20,0,0,3,0,2,0,4,0,0,60,0,0,0,0,0,1398,12,2838,22,536,0,2,0,9,0,0,30,0,175,0,0,0,18,0,0,0,0,0,11,0,413,0,0,0,0,0,39,0,7,0,493,114,2880,0,0,0,0,3959,198,0,0,9,11,0,0,0,195,0,0,0,0,0,0,136,0,0,0,2,0,10,0,3,0,0,0,0,0,0,0,0,0,0,0,0,0,0,0,0,0,99,0,2,28,11,0,0,0,0,0,0,0,0,0,0,0,0,8,0,0,2622,0,0,7,0,0,0,0,0,60,372,162,3,0,0,0,55,0,541,141,0,0,0,4,36,52,15,0,4,10,0,0,6,0,0,0,0,0,0,0,0,39,18,10,0,0,0,9,0,0,0,0,0,0,0,0,0,0,3,0,0,0,0,0,0,0,26,0,276,67,2,0,45,0,0,3,26,0,0,0,0,6,0,24,0,0,0,0,207,0,0,0,1876,0,0,183,117,0,0,0,0,13,1090,0,0,0,0,3,0,0,569,7,0,926,0,0,0,1851,62,0,0,0,0,3,0,98,7,0,0,0,3964,9,709,0,6
I19,0,0,0,45,0,0,0,0,0,944,0,178,88,2413,3335,83,0,0,0,0,0,0,0,14,0,0,0,0,14,0,0,0,0,0,0,1095,0,0,0,483,0,0,4,0,0,0,1627,0,105,0,0,0,0,0,0,0,0,104,422,0,0,50,0,0,458,7,22,0,0,0,0,0,0,0,0,0,0,0,0,0,0,0,49,0,0,0,0,0,0,0,0,0,0,0,0,0,0,0,0,0,13,0,0,174,185,0,141,333,0,42,0,0,0,277,0,3,7,0,3,0,33,0,3,32,27,22,150,1710,90,0,0,0,0,3121,1695,0,4,0,0,7,0,0,0,32,0,0,0,0,0,0,3,0,18,11,432,312,0,0,0,0,0,163,446,0,0,0,12,55,17,0,14,0,0,0,0,11,0,0,0,8,0,46,0,0,0,167,0,0,8,0,0,58,0,321,0,0,0,87,0,4,55,0,49,145,0,0,24,13,0,0,0,0,0,0,0,0,0,35,0,0,0,0,14,1538,8,3319,11,385,0,0,0,0,0,0,33,0,113,0,0,0,12,0,0,0,0,0,10,0,436,0,0,2,0,0,27,0,5,0,506,104,3180,0,0,0,0,2961,234,0,0,3,20,0,0,5,203,0,0,0,0,0,0,19,0,0,0,0,0,0,0,0,0,0,0,0,0,0,0,0,0,0,0,0,0,0,0,0,3,128,0,0,29,34,3,0,0,0,0,0,0,0,3,0,0,0,14,0,0,2529,0,0,7,0,0,0,0,0,40,262,136,11,0,0,0,99,0,476,120,0,0,5,8,59,17,0,0,0,12,0,0,0,0,0,0,0,0,0,0,0,0,0,12,0,0,0,0,0,0,0,0,0,0,0,0,0,0,0,0,0,0,0,25,0,0,38,0,495,49,0,0,30,0,0,0,30,0,0,3,8,6,0,0,0,0,0,0,148,0,0,0,697,0,0,213,75,0,0,0,0,4,1340,0,0,0,0,0,0,0,659,3,0,865,0,0,0,1695,73,0,0,0,0,14,0,15,0,0,0,0,4633,0,554,0,0
I21,6,0,0,83,0,0,0,0,0,999,0,183,48,1691,4901,65,0,0,0,0,0,0,0,23,0,0,0,0,140,0,7,8,8,0,0,1596,0,0,14,423,4,0,11,0,0,0,1433,0,457,0,0,0,0,0,0,0,0,128,386,10,0,135,0,0,823,0,20,0,0,91,0,0,3,0,0,0,3,0,0,0,0,10,42,0,0,0,0,0,0,0,3,0,0,3,0,0,0,3,0,0,38,0,0,507,369,0,326,723,0,308,0,0,0,497,0,0,0,0,0,0,31,0,7,56,34,262,391,570,264,0,15,0,0,1474,805,0,2,0,0,0,0,0,0,58,0,0,0,0,0,0,6,0,100,142,1177,235,0,0,0,0,0,266,334,0,0,0,63,84,18,0,17,17,0,0,0,18,3,10,0,107,0,77,0,0,2,268,0,16,20,0,0,184,0,363,2,20,0,154,0,10,141,28,56,117,0,0,22,0,0,0,0,0,0,0,8,0,0,71,0,0,3,0,0,1068,8,5900,9,978,0,0,0,18,0,0,28,0,293,0,0,0,0,3,0,0,0,2,8,2,834,0,0,0,0,0,54,0,0,0,695,67,1913,0,192,3,0,1218,222,0,0,4,38,0,0,6,401,0,17,0,0,0,0,5,0,0,0,0,0,2,0,4,11,0,2,0,4,11,0,0,0,0,0,0,0,0,0,0,0,76,0,0,0,26,2,0,4,0,0,0,0,0,0,0,0,0,21,0,0,2012,0,0,16,0,0,0,0,0,162,653,113,16,0,0,0,15,0,791,128,0,0,0,22,19,0,2,0,0,8,0,0,4,0,2,0,0,0,0,0,0,67,24,4,0,0,0,0,0,0,0,0,0,0,0,0,9,0,0,4,0,0,14,10,0,0,43,0,217,74,0,0,19,0,0,3,28,0,0,10,23,46,0,37,0,38,0,0,67,0,4,0,547,0,0,106,62,0,0,5,0,13,1853,0,0,0,0,0,0,0,738,0,0,364,0,0,0,1218,69,0,0,3,0,4,10,166,0,0,0,0,4345,0,799,0,0
I22,0,0,0,33,0,17,0,0,0,746,0,100,68,1788,2728,52,0,0,0,0,0,0,0,27,0,0,2,0,130,0,0,0,0,0,0,1415,0,0,2,376,0,0,4,0,0,0,1275,0,214,0,0,0,0,0,0,0,0,121,320,0,3,160,0,0,686,0,28,0,3,33,0,0,0,0,0,0,0,0,0,5,0,0,47,0,0,0,0,0,0,0,0,0,0,0,0,0,0,9,0,0,12,0,0,181,169,0,202,501,0,111,0,0,0,235,0,0,8,2,8,0,30,0,0,16,36,94,131,430,103,0,9,0,0,3136,690,0,7,14,0,9,0,0,0,36,0,0,0,0,0,0,0,0,35,112,381,234,0,0,0,0,0,140,391,0,0,0,46,19,20,0,0,0,0,0,0,19,9,4,0,17,0,100,0,3,8,131,0,10,18,0,2,95,0,334,0,2,2,45,0,11,97,0,69,92,0,0,26,5,0,0,0,0,0,0,21,0,0,16,0,0,0,0,6,1607,0,3103,24,692,0,0,0,7,0,0,37,3,89,0,0,0,23,4,0,0,0,0,6,0,383,0,6,0,0,0,53,13,8,0,574,161,3643,0,34,0,0,5138,253,0,5,0,0,0,0,2,331,6,0,0,0,0,0,38,0,0,0,0,0,25,0,0,16,0,0,0,0,0,0,0,0,0,0,0,0,0,0,0,0,47,0,13,0,0,0,0,2,0,15,0,0,0,8,0,0,0,4,0,0,3297,0,0,23,0,0,3,0,0,67,163,252,11,0,0,0,21,0,335,123,0,16,0,9,43,11,0,2,0,10,4,5,2,0,6,14,0,0,0,0,0,0,5,13,4,0,0,13,0,0,0,0,0,0,5,8,5,8,0,0,0,0,8,0,0,0,54,0,314,58,8,0,69,0,0,8,29,0,0,0,10,0,0,0,0,0,0,0,248,0,9,0,2234,0,0,306,179,0,0,0,3,13,490,0,0,0,0,0,0,0,800,7,0,1680,0,0,0,1979,54,0,0,0,0,10,0,7,0,0,0,0,4605,0,514,0,37
I23,0,0,0,0,0,60,0,0,0,623,0,206,50,1461,4520,13,0,0,0,0,0,0,0,18,0,0,0,0,40,0,0,0,0,0,0,1111,0,0,2,399,3,0,5,0,0,0,1561,0,149,0,0,0,0,0,0,0,0,72,227,0,0,45,0,0,774,10,14,0,0,48,0,0,0,3,0,0,0,0,0,0,0,0,13,36,0,0,0,5,0,0,0,0,0,0,0,2,0,5,0,0,0,0,0,343,364,0,256,369,0,0,0,0,0,216,0,0,0,3,3,0,105,0,8,83,8,56,139,1284,106,0,0,0,0,2522,1949,0,0,9,0,0,0,0,0,26,0,0,0,0,0,0,0,0,7,0,848,127,0,0,0,0,0,159,448,0,0,0,25,29,17,0,0,24,0,0,0,9,3,0,2,13,0,47,0,0,3,170,0,4,8,2,0,83,0,254,0,0,0,76,0,60,81,26,79,38,0,0,34,5,0,0,0,0,0,0,0,0,0,213,0,0,0,3,18,1474,4,3286,3,171,0,0,0,0,0,0,24,0,238,0,0,0,7,0,0,0,0,0,18,0,445,0,0,0,0,0,16,0,13,0,514,116,2634,0,113,0,0,4328,229,0,0,10,15,0,0,0,211,3,0,0,0,0,0,29,0,3,0,2,0,3,0,15,14,0,0,0,0,0,0,0,0,0,0,0,0,0,4,0,0,118,2,2,0,10,0,0,0,0,7,0,0,0,19,0,0,0,4,0,0,3015,0,0,0,0,0,2,0,0,52,626,260,8,0,6,0,33,0,572,167,0,0,4,34,3,92,23,0,0,10,0,0,0,0,0,6,0,0,0,0,0,95,4,0,0,0,0,3,0,0,0,0,0,0,0,0,0,0,0,0,0,0,0,17,0,0,63,0,245,47,0,0,103,0,0,4,20,0,0,0,8,8,0,51,0,11,0,0,206,0,0,0,1024,0,0,228,140,0,0,0,6,0,1553,0,0,2,0,0,0,0,970,0,0,868,0,0,0,1727,70,0,0,9,0,13,0,94,0,0,0,0,5722,0,560,0,4
I25,0,0,0,39,0,19,0,0,0,808,0,123,37,1689,3696,37,0,0,0,0,0,0,0,29,0,0,0,0,31,0,0,0,0,0,0,1087,0,0,3,330,0,0,2,0,0,0,1485,0,271,0,0,0,0,0,0,0,0,78,265,0,0,60,0,0,1125,35,31,0,0,29,0,0,0,0,0,0,0,0,0,0,0,0,12,35,0,0,0,0,0,0,0,0,0,3,0,0,0,3,0,0,5,0,0,283,309,0,174,312,0,34,0,0,0,207,0,0,0,2,0,0,81,0,0,35,23,37,134,1963,142,0,0,0,0,1981,2590,0,2,11,0,0,0,0,0,52,0,0,0,0,0,0,0,3,11,40,647,172,0,0,0,0,0,133,410,0,0,0,0,164,18,0,9,9,0,0,0,15,0,0,0,0,0,76,0,0,0,258,0,0,11,0,0,132,0,255,0,0,0,70,0,20,72,28,97,67,0,7,37,0,0,0,2,0,0,0,0,0,0,76,0,0,0,0,9,1126,6,3578,12,326,0,0,0,0,0,0,21,0,132,23,0,0,14,5,0,0,0,0,6,0,614,0,0,0,0,0,18,5,0,0,564,69,2648,2,49,0,0,3936,181,0,0,9,15,0,0,3,386,0,10,0,0,0,0,15,0,0,0,0,0,4,0,0,4,0,0,0,0,0,0,0,0,0,0,0,0,0,4,0,0,83,0,0,0,18,2,0,0,0,5,0,0,0,13,0,0,0,28,0,0,2641,2,0,13,0,0,0,0,0,64,307,232,5,0,0,0,36,0,525,119,0,0,0,20,22,126,7,0,0,0,4,0,4,0,0,14,0,0,0,0,0,33,0,9,0,0,0,0,0,0,0,0,0,0,0,0,6,0,0,0,0,0,8,0,0,0,63,0,272,56,0,0,51,0,0,3,18,0,0,0,10,15,0,16,0,0,0,0,132,0,0,0,692,0,0,217,104,0,0,0,0,0,1790,0,0,0,0,0,0,0,819,0,0,1156,0,0,0,1325,64,0,0,0,0,8,4,8,0,0,0,0,5305,0,740,0,0
I28,0,0,0,50,0,4,0,0,0,1226,0,171,30,1405,3286,122,0,0,0,0,0,0,4,12,0,0,0,0,101,0,0,0,0,0,0,1098,0,0,7,372,0,34,3,0,0,7,1680,0,313,3,0,0,0,0,0,0,0,113,289,0,0,132,0,0,595,30,12,0,0,93,0,0,0,0,0,0,0,0,0,0,0,7,21,0,0,0,0,23,2,0,0,0,0,0,0,0,0,24,0,0,6,0,0,234,154,0,222,872,0,374,0,0,0,331,0,0,5,0,0,0,43,0,0,57,30,115,298,1902,114,0,0,0,0,2381,2281,0,0,8,0,4,0,0,0,47,0,8,0,0,0,0,0,0,132,81,727,240,2,0,0,0,0,226,512,0,0,0,111,50,26,0,9,8,0,0,0,11,0,4,0,78,0,54,0,0,0,155,0,6,24,0,0,70,0,430,0,15,0,200,0,5,115,27,80,203,0,0,43,0,0,0,0,0,0,0,12,0,0,55,0,0,0,0,22,1309,13,3686,112,729,0,0,0,0,0,0,32,0,138,19,0,0,0,0,0,0,0,0,8,0,688,0,3,0,0,0,34,0,29,0,497,106,2581,0,64,0,0,2740,147,0,0,17,25,0,0,0,392,0,0,0,0,0,0,89,0,0,0,0,0,10,0,3,17,0,0,0,0,6,0,0,0,0,0,0,0,0,0,0,0,139,0,10,0,34,2,0,0,0,6,0,0,0,0,0,0,0,4,0,0,2096,0,0,0,0,0,0,0,0,129,299,181,7,5,0,0,38,0,514,92,0,0,0,4,29,85,0,0,0,13,0,0,0,0,13,5,0,0,0,0,0,0,15,14,0,2,0,5,0,0,0,0,0,0,0,0,4,4,0,0,2,0,9,19,0,0,57,2,231,66,2,0,48,0,0,0,23,0,0,7,14,17,0,6,0,0,0,0,166,0,14,0,1801,0,0,134,51,0,0,0,0,13,1379,0,0,0,0,0,0,0,555,0,0,1143,0,0,0,1060,0,0,0,3,0,0,0,139,2,0,0,4,3437,0,511,0,0
I29,0,0,0,0,0,14,0,0,0,576,0,145,100,1430,2439,62,0,0,0,0,0,0,0,9,0,0,0,0,43,0,0,0,0,0,0,966,0,0,7,345,0,0,8,0,0,0,1285,0,248,0,0,0,0,0,0,0,0,81,271,0,0,109,0,0,998,11,30,0,0,65,0,0,0,0,0,0,0,0,0,0,0,0,49,12,0,0,0,28,0,0,0,0,0,4,5,3,0,11,0,0,6,0,0,216,200,0,161,494,0,64,0,2,0,196,0,0,14,0,8,0,96,0,5,49,47,64,127,1479,125,0,0,0,0,2103,1734,0,6,9,0,0,0,0,0,40,0,7,0,0,0,0,8,0,0,92,580,371,0,0,0,0,0,131,489,0,0,0,35,122,16,0,0,6,0,0,0,21,0,0,0,25,0,65,4,0,6,216,0,0,18,0,0,62,0,169,0,0,0,75,0,39,113,23,84,55,0,0,17,19,0,0,0,5,0,0,5,2,0,111,0,0,0,0,0,1463,13,2349,10,352,30,0,0,7,0,0,16,31,150,0,0,0,14,8,0,0,0,6,40,0,234,0,0,0,0,4,24,19,15,0,476,122,2612,0,123,7,0,6329,195,0,3,0,6,0,0,0,196,0,0,0,0,3,0,202,0,0,0,0,0,5,0,0,21,0,0,2,0,0,0,0,0,0,0,0,0,0,0,0,0,109,3,3,29,27,3,0,0,0,5,0,2,0,17,0,0,0,14,0,0,3176,0,0,9,0,0,0,3,0,45,378,377,19,2,7,0,58,3,451,84,0,0,3,12,20,89,0,0,0,15,0,0,3,0,0,37,0,0,0,0,0,43,13,13,0,0,0,14,0,0,2,0,0,0,0,0,2,0,0,0,2,0,0,36,0,0,37,0,390,27,0,0,85,0,0,0,55,0,0,0,9,0,0,44,0,0,0,0,256,0,3,0,1776,0,0,279,172,0,0,6,4,8,1226,0,0,0,0,0,0,0,946,0,0,805,0,0,0,1651,82,0,0,15,0,22,0,20,0,0,0,4,4737,15,611,0,8
I31,0,0,0,43,0,19,0,0,0,618,0,270,17,1251,2800,0,0,0,0,0,0,3,0,177,0,0,0,0,32,2,0,0,0,0,0,1707,0,0,15,222,0,9,18,0,0,8,913,3,149,0,0,5,0,0,0,2,0,44,368,0,0,439,0,0,946,62,41,0,0,139,0,0,0,0,0,0,0,19,0,0,0,0,18,140,0,4,0,0,0,0,0,0,4,0,0,0,0,12,0,0,10,0,0,294,571,4,138,524,0,125,0,0,0,261,0,0,2,0,0,0,209,0,0,45,25,97,156,1972,207,0,0,0,0,1485,2129,0,2,0,0,0,0,0,0,140,0,0,0,0,0,0,0,0,20,50,825,339,16,0,0,0,0,115,451,0,0,0,112,68,13,6,0,77,0,0,0,13,0,0,0,38,3,117,0,0,0,624,0,0,24,0,0,150,0,280,0,6,0,107,0,431,106,44,64,63,0,0,52,0,0,0,52,0,0,0,16,0,0,253,0,2,0,0,0,571,0,2997,0,388,0,0,0,0,0,0,34,6,122,0,0,0,0,0,0,0,0,0,0,0,456,0,0,0,0,0,26,0,9,0,366,52,2178,3,76,2,0,3573,156,0,0,20,16,0,0,0,505,0,0,0,14,0,0,57,0,0,0,0,0,8,0,3,28,0,0,0,0,4,0,0,2,0,0,0,0,0,9,0,3,138,0,6,0,75,0,0,0,0,0,0,0,0,35,0,0,0,18,0,0,2121,0,0,11,0,0,0,0,0,78,558,272,8,2,12,0,48,0,528,151,0,7,2,250,7,98,17,0,59,0,4,0,5,0,21,3,0,0,0,0,0,49,7,14,0,0,0,3,0,0,0,0,0,0,16,0,8,6,0,0,0,5,0,0,0,0,33,0,148,33,2,0,78,0,0,12,26,0,0,0,11,10,0,28,0,0,0,0,133,0,15,0,688,0,0,168,84,0,0,12,0,7,2553,0,0,0,0,0,0,0,639,0,0,903,0,0,0,916,58,0,0,9,0,69,0,156,0,0,0,0,3898,0,668,0,0
I33,0,0,0,106,0,26,0,0,0,674,0,209,26,1251,4220,39,0,0,0,0,0,0,0,33,0,0,0,0,120,0,0,0,0,0,0,2113,0,0,0,204,0,9,7,0,0,8,1450,0,138,0,0,0,0,0,0,2,0,38,372,0,0,147,0,0,1267,20,45,0,0,90,0,0,0,0,0,0,0,0,0,0,0,0,14,64,0,0,0,70,0,0,0,0,0,2,0,0,0,0,0,0,2,0,0,363,674,0,218,486,0,27,0,0,0,405,0,0,4,0,12,0,147,0,0,76,17,95,177,1363,112,0,0,0,0,1288,5308,0,9,0,0,3,0,0,0,77,0,0,0,0,0,0,26,0,6,51,1405,221,2,0,6,0,0,154,413,0,0,0,67,236,7,0,0,81,0,0,0,6,3,0,0,24,0,97,0,5,0,442,0,12,55,2,0,313,0,292,0,6,0,115,0,539,120,39,74,67,0,4,123,8,0,0,46,0,0,0,9,11,0,348,0,0,0,0,6,1364,0,3062,0,292,15,0,0,0,0,0,20,0,294,34,0,2,3,0,0,0,0,6,7,0,519,5,3,0,0,0,19,0,11,0,447,13,1875,0,413,6,0,2672,180,0,0,21,7,0,0,0,295,0,12,0,19,0,0,4,0,0,0,0,3,0,0,5,78,0,0,0,0,0,0,0,2,0,0,0,0,0,8,0,0,141,5,15,0,28,0,0,0,0,2,0,4,0,16,0,0,0,24,0,0,1665,0,0,0,0,0,0,0,4,159,924,76,12,0,0,0,16,0,465,274,0,0,4,81,17,86,10,0,2,14,0,4,0,0,0,0,9,0,0,0,0,178,15,22,0,0,0,0,0,0,0,0,0,0,4,0,0,0,0,0,0,0,0,0,0,0,0,0,207,34,0,0,185,0,0,34,53,0,0,0,12,23,0,65,0,40,0,0,133,0,5,0,584,0,0,204,228,0,0,0,19,6,1797,0,0,0,0,2,0,0,2121,0,0,930,0,0,0,906,51,0,0,4,0,214,0,469,0,0,3,0,4296,0,712,0,6
I35,0,0,2,15,0,0,0,0,0,818,0,243,68,1402,2783,156,0,0,3,0,0,0,3,12,0,0,0,0,48,0,0,0,0,0,0,732,0,0,7,254,0,0,9,0,0,0,1796,0,184,0,0,0,0,0,0,0,0,43,253,8,2,152,0,0,1652,39,27,0,0,25,0,0,0,0,0,0,0,3,0,0,0,0,39,5,0,0,0,21,0,0,4,0,0,0,0,0,0,0,0,0,14,0,0,250,265,0,146,686,0,116,0,0,0,132,0,0,0,0,9,0,71,0,0,40,23,99,83,1868,315,0,0,0,0,955,6103,0,6,0,0,0,0,0,2,67,0,0,0,0,0,0,0,0,37,72,330,266,0,0,0,0,0,153,164,0,0,0,54,59,9,0,0,10,0,0,0,5,0,0,0,24,0,50,0,0,0,468,0,3,11,0,0,69,0,278,0,4,0,54,0,11,90,12,69,68,0,0,15,16,2,0,0,0,0,0,13,4,0,57,0,0,4,0,23,1357,0,3658,13,447,0,0,0,0,0,0,7,0,142,0,0,2,16,0,0,0,0,2,28,0,584,0,0,0,0,0,34,10,0,0,373,74,2418,0,61,0,0,4122,61,0,0,23,62,0,0,17,281,0,0,0,0,0,0,11,0,0,0,0,0,14,0,0,65,0,0,0,0,3,0,0,0,0,0,0,0,0,3,0,0,114,0,6,0,61,0,0,0,0,0,0,0,0,0,0,0,0,12,0,0,1469,0,0,12,0,0,0,0,0,117,542,42,4,0,0,0,44,0,494,103,0,0,0,16,18,114,17,0,0,16,5,0,0,0,5,6,0,0,0,0,0,22,15,0,0,0,0,0,0,0,0,0,0,0,9,0,4,0,3,8,0,0,14,0,0,0,29,0,189,58,0,0,10,0,0,2,28,0,0,2,13,23,0,52,0,0,0,0,99,0,0,0,522,0,0,140,150,0,0,0,0,0,1313,0,0,0,0,6,0,0,766,0,0,809,0,0,0,689,14,0,0,4,6,68,0,186,0,0,0,0,3012,0,2075,0,0
I39,0,6,0,113,0,8,0,0,0,1022,0,269,0,512,4313,77,0,0,0,0,0,0,3,24,0,0,0,0,174,0,0,0,0,0,0,529,0,0,7,207,0,0,0,0,0,0,1915,0,342,0,0,0,0,0,0,0,0,55,362,0,0,247,0,0,749,0,20,2,0,311,0,0,0,0,0,0,0,0,0,3,6,0,60,76,5,0,0,20,0,0,5,0,0,0,0,0,0,0,0,0,31,0,0,622,941,0,126,1008,8,124,0,0,0,498,0,0,0,3,0,0,282,0,0,124,43,80,79,749,139,0,0,0,0,341,934,0,22,2,0,7,0,0,0,69,0,5,0,0,3,0,7,0,20,42,2817,339,0,6,0,0,0,150,551,0,0,0,340,32,0,0,6,93,0,0,0,7,5,5,0,36,0,35,0,0,0,474,0,5,84,2,0,42,0,387,0,14,5,278,0,74,149,91,152,171,0,13,86,17,0,0,21,8,0,3,5,3,0,520,0,0,0,0,0,1572,8,4411,0,463,0,0,0,0,0,0,58,4,209,0,0,0,0,2,0,0,0,3,13,0,594,7,0,0,0,0,26,5,4,0,559,40,734,0,99,0,0,2282,231,0,0,8,0,0,0,2,128,0,0,0,16,0,0,0,0,0,0,3,0,3,0,21,10,0,0,3,0,0,0,0,0,0,0,0,0,0,15,0,0,166,0,0,0,0,0,0,5,0,6,0,0,0,49,0,0,0,17,0,0,1932,0,0,0,0,0,0,0,0,180,968,59,9,0,0,0,0,0,952,195,0,0,0,56,0,6,9,0,26,0,7,0,0,0,0,0,0,0,0,0,0,199,8,27,0,3,0,0,0,0,0,0,0,0,0,0,5,14,0,0,0,4,23,0,0,0,43,0,134,69,8,0,96,0,0,8,31,0,0,0,6,17,0,70,0,19,0,0,39,0,4,0,174,0,0,83,211,0,0,0,0,0,1800,0,4,0,0,0,0,0,802,0,0,310,0,0,0,887,43,0,0,23,0,56,0,45,0,0,0,0,4989,0,523,0,4
I41,4,0,0,23,0,16,0,0,3,776,0,180,59,2809,2687,68,0,0,0,0,0,5,0,7,0,0,0,0,68,0,0,0,0,0,0,463,0,0,18,256,0,0,12,0,0,0,1157,0,182,0,0,0,0,0,0,0,0,139,226,0,0,168,0,0,989,31,22,0,22,55,4,0,0,0,0,0,0,0,0,0,0,0,61,0,0,0,0,9,0,0,0,0,2,0,0,5,0,19,0,0,5,0,0,233,217,0,258,809,0,118,0,0,0,257,0,0,6,0,0,0,68,0,0,55,37,79,201,1177,161,0,0,0,0,2869,2666,0,14,0,0,0,18,0,0,51,0,4,0,0,0,0,6,0,9,60,640,308,39,0,0,0,0,134,495,0,0,0,119,58,20,0,6,12,0,0,0,32,3,0,0,34,0,45,0,0,0,521,0,0,9,0,0,28,0,239,0,0,0,134,0,28,63,21,54,184,0,0,14,17,4,0,15,0,0,0,6,5,0,87,0,0,0,0,21,909,16,3087,16,410,10,0,0,10,0,0,24,4,118,0,0,0,17,2,0,0,0,0,5,0,314,0,5,0,0,0,22,10,46,0,373,54,4003,0,35,0,0,4482,156,0,0,17,0,0,0,0,416,2,0,0,0,0,0,77,0,5,0,0,0,11,0,0,30,0,0,4,0,3,0,0,0,0,0,0,0,0,8,0,0,107,0,15,0,24,3,0,3,0,4,0,2,0,2,0,0,0,14,0,0,1830,0,0,13,0,0,2,0,5,98,374,195,3,0,0,0,13,3,408,132,0,0,0,19,16,21,3,0,0,17,10,6,14,0,16,9,0,0,0,0,0,25,6,21,0,0,0,0,0,0,0,0,0,0,0,0,0,10,3,0,0,4,37,0,0,0,22,0,160,61,2,0,34,0,0,0,25,0,2,0,9,22,0,25,0,0,0,0,183,0,6,0,2355,0,0,330,93,0,0,0,0,5,1290,0,0,0,0,3,0,0,804,0,2,1352,0,0,0,977,50,0,0,7,0,18,0,65,0,0,6,0,3712,0,905,0,6
I43,0,0,0,42,0,8,0,0,0,1007,0,260,58,1710,3293,55,0,0,0,0,0,0,0,68,0,0,0,2,71,0,0,0,0,0,5,453,0,0,12,277,0,0,0,0,0,0,1758,0,156,5,0,0,0,0,0,0,0,76,268,7,0,97,0,0,480,0,25,0,0,55,0,0,0,0,0,0,0,0,0,0,0,0,15,36,0,0,0,0,0,0,0,0,6,2,0,0,0,5,0,0,4,0,0,375,314,0,266,785,0,57,0,0,0,295,0,0,0,0,0,0,177,0,0,69,13,52,185,1001,137,0,0,0,0,1146,895,0,4,0,0,3,0,0,0,36,0,0,0,0,0,0,3,0,0,35,1310,235,0,0,0,0,0,127,881,0,0,0,25,36,9,3,0,17,0,0,0,15,0,0,0,0,0,54,0,0,0,148,0,4,11,0,0,21,0,273,0,4,0,83,0,29,117,25,78,42,0,0,23,8,0,3,6,0,0,0,0,0,0,106,0,0,0,0,0,1469,7,3600,6,250,0,0,0,0,0,0,37,0,148,13,0,0,0,0,0,0,0,0,26,0,344,0,10,0,0,0,11,20,0,0,518,61,1764,0,68,0,0,6914,187,0,3,0,3,0,0,0,372,0,0,0,0,0,0,239,0,0,0,0,0,9,0,12,19,0,0,0,0,0,0,0,0,0,0,0,0,0,5,0,0,104,0,4,0,2,0,0,0,0,0,0,0,0,3,0,0,0,28,0,0,2899,0,0,10,0,0,0,0,2,126,557,540,0,0,7,0,19,0,618,140,0,0,4,13,15,2,11,0,8,5,2,0,5,0,0,6,0,0,0,4,0,44,7,9,0,0,0,0,0,0,0,0,0,0,2,0,0,0,0,0,0,0,22,4,0,0,37,0,249,77,0,0,75,0,0,6,79,0,0,0,4,5,0,12,0,9,0,0,185,0,0,0,2022,0,0,218,131,0,0,0,0,0,1761,0,0,0,0,0,0,0,1162,0,0,910,0,0,0,1334,76,0,0,38,0,59,0,7,0,0,0,2,4785,0,354,0,9
I46,0,0,0,51,0,0,0,2,0,925,0,292,70,1228,2846,67,0,0,0,0,0,0,0,16,0,0,0,0,39,0,0,0,0,0,0,504,0,0,0,282,0,0,0,0,0,0,2254,0,221,0,0,0,0,0,0,0,0,66,207,0,0,173,0,0,434,31,20,0,0,63,3,0,0,0,0,0,0,0,0,0,0,0,34,0,0,0,0,8,0,0,0,0,5,0,0,2,0,17,0,0,7,0,0,241,121,2,214,925,0,232,0,0,0,269,0,0,0,0,5,2,71,0,0,48,29,86,275,2209,193,0,0,0,0,747,3322,0,10,0,0,0,0,0,0,55,0,0,0,0,0,0,0,0,35,97,534,222,0,0,4,0,0,118,521,0,0,0,50,54,103,5,0,0,0,0,0,0,0,0,0,41,0,49,0,0,0,178,0,0,37,0,0,28,0,209,0,9,0,227,0,6,113,7,60,56,0,6,26,9,0,0,4,0,0,3,4,0,0,25,0,0,2,0,0,1305,12,4044,22,604,0,0,0,0,0,0,3,0,132,0,0,0,18,4,0,0,0,0,2,0,383,0,0,0,0,0,35,27,0,0,360,86,1605,0,177,0,0,5290,108,0,5,3,19,0,0,24,415,0,0,0,0,0,0,857,0,0,0,0,0,12,0,0,41,0,0,0,0,2,0,0,0,3,0,0,0,0,3,0,5,249,0,16,0,6,0,0,0,0,0,0,0,0,0,0,0,0,56,0,0,1869,0,0,0,0,0,2,0,9,126,303,588,0,0,0,0,113,0,578,102,0,0,0,0,32,40,29,0,0,0,0,0,0,0,10,17,0,0,0,0,0,10,0,0,0,0,0,0,0,0,0,0,0,0,0,0,2,5,0,0,0,0,7,7,0,0,24,0,204,53,0,0,36,0,0,4,12,0,0,2,13,5,0,0,0,0,0,0,171,0,3,0,2488,0,0,108,73,0,2,0,0,15,1230,0,0,0,0,0,0,0,549,0,0,1368,0,0,0,912,54,0,0,9,0,38,0,44,0,0,0,0,3059,0,471,0,0
I47,0,0,0,69,0,0,0,0,0,874,0,313,70,1063,4632,36,0,0,0,0,0,0,0,0,0,0,0,0,97,0,0,0,0,0,0,374,0,0,5,164,0,0,9,0,0,0,1421,3,219,0,0,0,0,0,0,0,0,45,225,0,0,130,0,0,484,28,17,0,0,142,0,0,0,0,0,0,0,0,0,0,0,0,41,11,0,8,0,30,0,0,0,0,0,0,0,0,0,5,0,0,10,0,0,401,481,0,103,1074,0,119,0,0,0,401,0,0,0,0,4,0,118,0,0,96,10,105,108,2467,171,0,0,0,0,386,3599,0,2,0,0,3,0,0,0,67,0,0,0,0,0,0,0,0,10,40,1601,313,22,0,0,0,0,112,343,0,0,0,155,106,19,0,0,40,0,0,0,8,7,5,0,0,0,27,0,0,2,273,0,2,0,3,0,36,0,361,0,5,0,171,0,53,119,37,88,136,0,7,23,9,0,0,11,0,0,5,0,4,0,113,0,0,0,0,10,1108,18,4147,0,407,0,0,0,13,0,0,20,0,152,0,0,0,0,3,0,0,0,0,5,0,397,0,0,0,0,0,32,0,8,0,446,34,1433,4,121,0,0,5936,229,0,0,8,0,0,0,13,336,0,0,7,0,0,0,121,0,0,0,0,0,10,0,3,13,0,0,0,0,0,0,0,3,0,0,0,0,0,12,0,0,226,0,0,0,22,0,0,0,0,0,0,0,0,7,0,0,0,20,0,0,2016,0,0,0,0,0,0,0,0,150,820,176,3,0,0,0,55,0,746,193,0,0,0,72,0,27,44,0,32,11,0,0,7,0,0,9,0,0,0,0,0,47,21,24,0,0,0,0,0,0,0,0,0,0,8,0,0,3,0,0,0,0,5,22,2,0,39,0,91,35,3,0,81,0,0,11,33,0,0,5,20,24,0,43,0,85,0,0,72,0,0,0,806,0,0,64,211,0,0,0,0,12,1831,0,0,0,0,0,0,0,1067,9,0,588,0,0,0,517,71,0,0,11,0,94,0,53,0,0,0,5,4965,0,434,0,0
I49,0,0,0,41,0,16,0,0,0,731,0,150,39,1324,2645,43,0,0,6,0,0,0,0,8,0,0,0,0,90,0,0,0,0,0,0,219,0,0,0,341,0,0,3,0,0,0,1378,0,271,0,0,0,0,0,0,2,0,33,145,0,0,191,0,0,600,23,11,0,0,50,0,0,2,0,0,2,0,0,0,0,0,8,51,0,0,0,0,0,0,0,0,0,6,0,0,0,0,21,0,0,10,0,0,207,171,0,220,1668,0,199,0,0,0,250,0,0,9,3,0,7,78,0,0,49,34,51,155,1715,175,0,0,0,0,1420,4481,0,0,0,0,5,34,0,0,45,0,7,0,0,0,0,0,0,61,124,383,168,0,0,3,0,0,72,674,17,0,0,60,40,45,11,0,0,0,0,0,15,0,0,0,88,0,26,0,0,2,185,0,4,50,0,0,15,0,234,0,0,0,132,0,30,67,24,47,119,0,20,13,4,0,0,13,0,0,0,8,0,0,31,0,0,0,0,0,1050,8,3488,10,681,5,0,0,10,0,0,4,0,102,0,0,0,10,0,0,0,0,0,17,0,264,0,3,4,0,0,44,21,0,0,489,86,2492,3,30,0,0,9940,77,0,5,6,30,0,0,13,432,0,0,0,2,0,0,594,0,0,0,0,0,11,0,8,91,0,0,0,0,0,0,0,0,0,0,0,0,0,0,0,0,161,0,33,0,43,0,0,0,0,7,0,3,0,2,5,0,0,21,0,0,1715,0,0,14,0,0,5,0,2,139,318,625,2,0,0,0,153,0,507,96,0,0,0,8,31,64,47,0,0,28,3,0,7,0,13,17,0,0,0,0,0,0,0,8,0,0,0,7,0,0,0,0,0,0,4,0,5,3,0,0,0,0,0,0,0,0,26,0,255,54,0,0,95,0,0,6,20,0,0,2,15,22,0,0,0,13,0,0,335,0,6,0,3484,0,0,136,124,0,0,0,7,6,1230,0,0,0,0,0,0,0,645,0,0,1234,0,0,0,954,46,0,0,5,0,42,0,75,0,0,0,16,3093,3,554,0,3
I51,0,4,0,62,0,0,0,0,0,863,0,298,31,1209,2972,74,0,0,4,0,0,0,0,8,0,0,0,0,124,0,0,0,0,0,0,275,0,0,17,178,0,0,0,0,0,0,1647,0,156,0,0,5,0,0,0,0,0,50,196,0,0,291,0,0,1169,43,19,0,0,74,0,0,4,0,0,0,2,0,0,0,0,0,50,54,0,0,0,15,0,0,0,0,4,4,0,0,0,0,0,0,12,4,0,298,472,0,60,742,152,31,0,0,0,343,0,0,0,4,0,0,118,0,20,67,21,79,34,2725,166,0,0,0,0,730,3055,0,21,20,0,0,0,0,0,32,0,9,0,0,0,0,0,0,11,26,1479,183,17,0,0,0,0,107,719,0,0,0,121,37,22,0,7,30,4,0,0,4,0,11,0,0,0,31,0,0,0,1303,0,0,58,4,2,25,0,275,0,0,0,186,0,82,123,26,77,36,0,0,15,8,0,0,38,0,0,0,8,0,0,156,0,0,0,0,16,1238,9,3493,0,265,0,0,0,0,0,0,18,0,115,15,0,0,12,0,0,0,0,0,18,0,311,0,0,0,2,0,32,16,3,0,419,51,1436,0,78,0,0,6165,158,0,0,9,34,0,0,10,235,0,0,4,0,0,0,300,4,0,0,0,0,11,0,0,23,3,0,3,0,0,0,0,0,0,0,2,0,0,13,5,0,166,0,6,0,25,2,0,0,0,5,0,0,0,55,0,0,0,2,0,0,1540,0,0,7,0,0,3,0,0,146,594,130,0,0,0,0,27,0,599,158,0,0,0,278,6,16,18,0,169,13,4,0,0,0,9,45,5,0,0,0,2,56,22,11,0,0,0,0,0,0,0,0,0,0,16,0,0,0,0,0,0,9,0,0,0,0,21,0,266,63,0,0,120,0,0,15,49,0,0,0,6,22,0,23,0,15,2,0,105,0,13,0,1380,0,0,187,124,0,0,0,8,0,1322,0,0,0,0,0,0,0,663,0,0,370,0,0,0,674,44,0,0,11,0,48,0,57,0,0,2,0,3707,0,980,0,13
I53,0,0,0,30,0,19,0,0,0,1004,0,124,40,1798,2967,80,0,0,0,0,0,2,0,16,0,0,0,0,226,0,0,0,0,0,0,386,0,0,13,481,3,0,2,0,0,0,2105,0,407,0,0,0,0,0,0,0,0,83,487,0,0,244,0,0,1332,35,15,0,0,195,0,0,2,3,0,0,0,3,0,0,2,0,83,4,7,0,0,13,0,0,0,0,8,0,2,0,0,0,0,0,15,0,0,282,331,0,147,739,10,85,0,0,0,360,0,0,0,0,11,3,196,0,0,82,62,60,119,1519,128,0,0,0,0,1880,2475,0,0,5,0,0,0,0,0,63,0,0,0,2,0,0,0,0,17,34,885,374,0,0,2,0,5,151,693,9,0,0,101,75,16,7,11,29,0,0,0,2,0,0,0,21,0,62,0,0,2,619,0,0,10,0,4,22,0,375,5,4,0,116,0,20,98,36,96,235,0,5,42,14,0,0,2,0,0,0,0,0,0,238,0,0,0,0,12,2026,12,4347,12,388,0,0,0,9,0,0,105,0,121,0,0,3,14,0,0,0,0,0,23,0,472,0,2,0,0,0,25,0,8,0,750,115,2246,5,38,0,0,4474,254,0,0,6,31,0,0,0,278,0,0,4,0,0,0,409,0,0,0,0,0,4,0,24,8,0,0,0,0,0,0,0,0,0,0,0,0,0,7,0,2,116,0,2,0,14,0,0,0,0,0,0,0,0,0,0,0,0,9,0,0,3016,0,0,8,0,0,0,0,0,114,568,376,12,0,4,0,54,0,716,224,0,0,0,23,26,4,15,0,0,0,2,0,3,0,6,11,0,0,0,0,0,89,10,0,0,0,6,5,0,0,0,0,0,0,0,0,0,0,4,2,0,0,0,22,2,0,0,0,569,98,0,2,103,0,0,0,60,0,0,0,10,2,0,57,0,0,0,0,171,0,10,0,2035,0,0,191,235,0,0,0,5,9,1315,0,0,0,0,0,0,0,1258,9,0,957,0,0,5,1440,65,2,0,16,0,25,0,112,0,0,0,8,4654,0,1034,0,0
I55,0,0,7,6,7,165,0,3,0,320,0,65,53,1547,3383,0,0,0,0,0,0,0,0,23,0,0,0,3,131,0,0,0,4,0,0,2746,0,0,7,594,0,11,25,0,0,0,736,0,236,0,0,0,0,20,0,0,0,101,288,0,0,277,0,9,4146,38,85,0,0,187,0,0,0,0,0,5,5,6,0,0,0,18,48,3,0,0,3,22,0,0,0,0,23,5,10,0,0,16,0,0,20,0,0,486,579,9,163,465,0,56,0,0,0,377,0,0,0,3,13,0,180,0,7,58,89,143,111,2221,38,0,25,0,0,2796,2953,0,26,9,0,6,0,0,159,46,0,0,0,0,2,0,65,0,27,47,1559,448,91,0,11,0,0,255,466,0,0,0,117,26,14,4,52,58,6,0,0,41,0,25,0,28,0,178,0,5,0,780,0,17,10,3,2,304,0,424,6,10,0,40,0,134,112,75,111,153,0,8,264,17,0,2,9,0,0,0,12,7,0,166,0,0,0,0,40,1241,24,1581,49,302,3,0,0,13,0,0,39,0,246,21,0,3,31,0,0,2,0,0,5,0,553,7,5,0,0,0,45,0,154,0,526,95,3533,2,483,0,0,2385,317,0,4,12,9,0,0,0,75,6,21,0,0,0,0,29,0,0,0,2,9,8,0,2,41,0,0,7,0,2,0,0,9,0,0,0,0,0,8,0,0,100,11,9,49,7,0,0,0,0,0,0,0,0,139,9,0,0,11,0,0,2857,0,0,16,0,0,0,0,0,94,719,151,16,0,10,0,22,0,577,71,0,6,5,86,24,32,51,0,36,18,6,4,10,0,5,20,0,0,0,52,2,100,10,30,0,9,0,98,0,0,0,0,8,0,0,0,8,0,0,0,0,14,33,0,0,0,25,0,589,102,4,0,327,5,0,23,45,0,5,0,0,14,0,30,0,0,7,0,196,0,12,0,3161,5,0,307,257,0,0,0,0,11,866,0,0,0,0,7,0,0,1325,39,0,648,3,0,0,1961,62,0,0,21,12,37,0,107,0,0,17,5,5288,13,855,0,6
I57,0,0,0,0,0,19,0,0,0,436,0,78,43,1268,3633,2,0,0,8,0,0,0,0,22,0,0,0,0,28,0,0,0,0,0,0,1858,0,0,6,590,0,0,13,0,0,8,408,0,185,0,0,0,0,0,0,0,0,50,136,0,0,52,0,0,970,12,64,0,0,24,0,0,0,2,0,0,0,0,0,0,2,0,43,0,0,0,0,5,0,0,0,3,5,0,0,19,0,0,0,0,0,0,0,292,141,0,16,115,0,34,0,0,10,125,0,0,2,0,6,0,37,0,0,0,45,30,0,4459,42,0,0,0,0,1946,6362,0,16,0,0,0,0,0,0,33,0,0,0,0,0,0,0,0,19,0,475,169,5,0,11,5,2,210,183,0,0,0,0,593,130,0,0,6,0,0,0,19,6,6,0,20,0,94,0,0,0,347,0,21,10,0,0,244,0,254,0,0,0,31,0,2,42,33,32,56,0,0,44,0,0,0,0,0,0,2,5,0,0,40,0,0,0,0,0,791,5,1697,7,207,4,0,0,0,0,0,26,0,93,0,0,0,48,0,0,0,0,3,7,0,574,0,0,2,0,0,53,0,11,0,530,33,2378,0,75,0,0,1669,98,0,0,0,10,0,0,0,87,2,0,0,0,0,0,110,0,0,0,0,0,2,0,5,0,0,0,0,0,0,0,2,0,0,0,0,0,0,0,4,2,200,0,12,0,0,3,0,4,0,0,0,0,0,11,0,0,0,0,0,0,2114,0,0,13,0,0,0,0,2,29,416,101,11,0,0,0,321,0,351,66,0,0,4,18,9,82,68,0,0,20,0,2,6,0,27,0,0,0,0,0,0,20,4,0,0,0,0,7,0,0,0,0,0,0,0,0,5,0,0,0,0,0,0,0,0,0,40,0,2394,40,2,0,44,0,0,0,25,0,0,0,13,5,0,33,0,0,0,2,114,0,3,0,917,0,0,252,57,0,0,0,0,31,628,0,0,0,0,0,0,0,578,6,2,548,0,0,4,2061,0,0,0,2,0,0,0,25,0,0,0,0,3627,0,807,0,0
I59,0,0,0,18,0,0,0,0,0,757,0,114,86,1563,4496,105,0,0,5,0,0,0,0,77,0,0,0,0,37,0,0,0,0,0,0,1908,0,0,20,492,0,0,0,0,0,0,711,0,483,5,0,0,3,3,7,0,0,156,394,0,0,359,0,0,159,51,14,0,0,108,0,0,0,0,0,0,0,0,0,0,0,7,48,0,5,0,0,19,0,0,9,9,0,0,0,0,0,0,2,0,21,0,0,454,142,0,123,493,0,641,0,0,0,208,0,0,0,0,6,0,15,0,18,5,44,168,242,797,211,0,10,0,0,1067,2807,0,18,2,0,12,0,0,2,346,5,7,3,0,0,2,0,2,278,212,324,485,0,0,14,0,4,321,149,0,0,0,48,120,6,0,24,58,0,0,0,24,0,23,4,71,0,132,3,0,0,388,0,5,28,0,0,424,0,268,0,30,0,341,0,0,48,26,41,161,0,0,6,18,2,4,0,7,0,0,43,0,0,47,0,0,0,0,22,522,5,5737,64,913,5,3,0,17,0,0,5,7,168,0,0,0,0,3,0,0,0,0,12,0,1186,0,11,0,0,0,49,0,0,0,713,37,1939,0,170,0,0,1269,20,0,0,19,16,0,0,13,528,0,0,7,0,0,0,0,0,0,0,0,0,0,0,0,15,0,0,4,0,2,0,0,0,0,0,0,0,0,0,0,4,110,0,0,0,20,0,0,8,0,2,0,0,0,0,0,0,0,34,0,0,403,0,0,0,0,0,0,0,0,281,500,61,5,0,0,0,23,0,679,75,0,0,11,16,33,28,7,0,0,22,9,3,0,0,0,0,0,0,0,6,0,41,0,13,0,0,0,0,0,0,0,0,0,0,0,0,11,0,0,4,0,0,8,0,2,0,141,0,120,28,12,0,0,0,0,0,140,0,0,0,16,29,0,0,0,0,0,0,37,0,0,0,129,0,0,88,35,0,0,0,0,0,1421,0,0,0,0,0,0,0,141,5,0,1611,0,0,0,1453,0,0,0,0,0,0,0,391,0,0,18,0,2417,7,375,0,20
I61,0,0,0,0,0,0,0,2,0,746,0,108,107,1888,3942,34,0,0,6,0,0,0,0,21,0,0,0,0,87,0,0,0,0,0,0,572,0,0,8,601,0,0,4,0,0,0,1134,0,277,0,0,0,0,0,0,0,0,74,355,0,0,174,0,0,1193,18,15,0,0,14,0,0,0,0,0,0,0,0,0,0,0,0,56,0,0,0,0,23,0,0,0,0,4,0,0,0,0,0,0,0,17,0,2,322,164,0,194,477,0,207,0,0,0,274,0,0,0,0,5,0,40,0,0,21,27,42,159,1429,107,0,0,0,0,2394,1599,0,0,0,0,6,0,0,0,32,0,0,0,0,11,0,13,0,43,60,259,399,0,0,2,0,5,194,312,0,0,0,44,56,22,0,4,0,0,0,0,16,7,0,0,32,0,82,0,4,0,365,0,6,26,0,0,108,0,350,0,9,0,91,0,2,115,23,53,206,0,0,24,0,0,0,0,0,0,0,0,0,0,8,0,0,0,0,18,1085,16,3852,0,394,0,0,0,0,3,0,16,0,225,0,0,0,26,8,0,0,0,0,35,0,980,0,4,0,0,0,24,0,0,0,797,86,2673,0,121,8,0,2018,114,0,0,2,15,0,0,0,284,0,0,0,0,0,0,0,0,0,0,0,0,0,0,7,15,0,0,0,0,3,0,0,0,0,0,0,0,0,0,0,0,125,0,0,0,20,0,0,0,0,5,0,0,0,0,0,0,0,29,0,0,2301,0,0,16,0,0,0,0,0,91,289,256,8,0,11,0,40,0,489,134,0,0,0,18,36,7,26,0,0,20,3,7,8,0,5,0,0,0,0,0,0,24,6,0,0,5,0,0,0,0,0,0,0,0,0,0,0,0,3,0,0,0,0,37,0,0,148,0,418,49,15,0,26,0,10,0,3,0,0,2,0,5,0,0,0,0,0,0,121,0,0,0,808,0,0,80,80,0,0,0,0,0,1038,0,0,0,0,0,0,0,480,0,0,1506,0,0,0,2221,64,0,0,7,0,0,0,45,0,0,0,0,4357,6,1326,0,0
I63,0,0,0,0,0,17,0,0,0,649,0,0,41,1868,3748,85,0,0,4,0,0,5,0,0,0,0,0,0,75,0,0,0,0,0,0,12,0,0,13,606,0,0,26,0,0,2,554,0,523,0,0,0,0,0,0,0,0,183,93,0,0,272,21,0,947,36,26,0,0,321,0,0,0,5,0,0,0,0,0,0,17,40,122,0,36,0,0,93,0,8,11,0,0,12,0,0,0,0,0,0,11,0,0,537,161,0,273,494,6,519,0,0,0,589,0,0,8,0,3,0,82,0,0,6,86,333,240,2018,157,0,13,0,0,1592,1840,0,33,0,0,24,0,4,19,93,8,9,6,9,6,0,17,0,153,195,618,199,21,0,3,0,12,311,416,0,0,0,377,181,48,0,0,83,0,2,0,33,4,25,16,135,0,0,29,0,3,364,0,12,27,0,0,0,0,218,0,10,4,210,0,0,207,47,98,350,0,7,21,39,3,15,0,0,0,11,59,5,0,189,0,0,0,2,46,615,30,2630,74,1467,58,0,0,10,0,0,19,0,307,10,0,0,24,5,4,0,0,0,25,0,821,0,15,0,0,22,35,0,7,0,284,35,2938,0,141,2,0,1643,155,0,2,5,19,0,0,2,418,10,0,0,0,6,0,8,0,0,0,0,0,18,0,20,70,0,0,0,0,2,0,0,0,0,0,0,0,0,0,0,0,125,6,17,0,28,4,5,5,0,0,0,0,0,12,3,0,0,15,0,0,1481,0,0,19,0,0,0,0,0,219,274,53,36,0,0,0,48,0,362,111,0,20,14,14,32,22,16,0,0,49,27,5,5,0,0,0,0,0,0,20,0,21,7,15,0,0,0,6,0,0,0,0,0,0,0,0,12,10,2,0,0,8,20,0,0,0,216,0,247,51,46,2,35,0,0,19,95,0,0,0,19,15,0,29,0,0,0,0,98,0,19,0,377,0,0,212,86,0,0,0,8,0,877,0,0,6,0,0,0,0,580,47,2,1670,0,0,0,1812,40,0,0,8,6,0,0,146,5,0,12,0,3995,41,436,0,0
II73,0,0,3,80,0,0,0,0,0,763,0,170,173,1271,3152,37,0,0,0,2,0,0,0,8,0,0,0,0,100,0,0,0,0,0,4,328,0,0,2,406,9,0,0,0,6,0,1533,0,192,0,0,0,0,0,0,0,0,72,160,0,0,51,0,0,1647,18,0,0,0,25,3,0,0,0,0,0,0,0,0,0,0,0,13,0,0,0,5,0,0,0,0,0,0,0,4,0,0,0,0,0,0,0,0,236,187,0,296,507,0,142,4,0,0,176,0,0,0,0,0,0,53,0,0,15,15,49,198,2315,207,0,16,0,0,1681,1826,0,26,0,0,3,0,0,0,35,0,0,0,0,0,0,10,0,29,76,196,198,0,0,0,0,4,185,185,0,0,0,23,143,37,0,11,0,0,0,0,16,0,0,0,23,0,50,0,3,0,185,0,10,13,0,5,28,0,238,0,14,0,115,4,7,55,14,40,68,0,13,48,7,2,0,0,0,0,0,7,0,0,0,0,0,0,0,9,892,7,6454,11,537,3,0,0,0,0,0,8,0,100,0,0,0,17,0,0,0,0,0,32,0,539,0,0,0,0,0,32,0,6,0,755,91,2036,0,65,6,0,3346,153,0,0,0,56,0,0,10,601,0,0,0,0,0,0,33,0,0,0,0,0,5,0,4,5,0,0,0,0,3,0,0,0,0,0,0,0,0,0,0,0,155,0,0,39,35,0,0,0,0,9,0,0,0,4,0,0,0,41,0,0,2228,0,0,10,0,0,0,3,2,103,227,220,39,0,9,0,67,0,605,142,0,0,5,0,12,173,11,0,0,22,4,0,4,0,0,0,0,0,0,0,0,27,21,0,0,0,0,17,0,0,0,0,0,0,0,0,0,2,0,0,0,0,8,0,2,0,124,0,189,51,4,0,44,0,2,3,11,0,0,0,7,18,0,0,0,0,0,0,120,0,0,0,965,0,0,87,62,0,0,0,5,38,1088,0,0,0,0,0,0,0,326,5,0,1926,0,0,0,1852,52,0,0,2,0,0,0,89,0,0,0,0,4153,0,1481,0,0
II75,0,0,0,13,0,0,0,0,0,1095,0,161,115,1503,7258,74,0,0,7,0,0,0,0,44,0,0,0,0,98,0,0,0,0,0,0,1402,0,0,9,653,0,0,0,0,0,9,774,0,394,0,0,0,0,0,0,0,0,159,414,0,0,162,0,0,197,8,28,0,0,45,0,0,0,2,0,0,0,0,0,0,0,15,63,0,0,0,0,8,0,3,0,0,0,4,4,7,0,0,0,0,10,2,0,527,143,0,29,629,0,371,0,0,0,220,0,0,14,0,0,0,12,0,15,32,58,62,66,403,196,0,15,0,0,1121,995,0,29,0,0,10,0,0,5,171,3,4,0,0,0,0,0,0,220,64,404,270,0,0,0,0,3,306,215,31,0,0,25,72,0,0,24,38,0,0,0,7,5,11,3,42,0,151,0,3,0,165,0,15,12,2,0,249,0,430,0,13,0,190,0,0,52,20,45,164,0,0,8,17,0,0,0,0,0,0,20,5,0,0,0,0,0,0,12,622,6,7811,31,810,8,0,0,0,0,0,0,0,148,0,0,0,19,5,0,0,0,0,20,0,2220,0,2,0,0,3,59,0,0,0,1185,18,1805,0,397,0,0,1799,56,0,0,17,22,0,0,11,329,0,0,0,0,4,0,6,0,0,0,0,0,7,0,11,19,0,0,0,0,0,0,0,0,0,0,0,0,0,0,0,0,103,0,6,0,12,3,0,0,0,0,0,0,0,0,0,0,0,23,0,0,1608,0,0,0,0,0,0,0,0,137,793,79,0,0,0,0,8,3,1065,88,0,0,8,0,37,25,7,0,0,16,0,2,4,0,0,0,0,0,0,0,0,25,8,20,0,2,5,0,0,0,0,0,0,2,0,0,3,4,0,0,0,0,0,20,7,0,250,0,215,61,10,0,15,0,0,0,64,0,0,0,0,6,0,37,0,0,0,0,37,0,0,0,276,0,0,80,13,0,0,0,0,7,1848,0,0,2,0,0,0,0,187,13,0,876,0,0,0,2483,8,0,0,0,0,0,0,92,0,0,0,0,3526,0,235,0,9
II77,0,0,0,0,0,15,0,6,0,444,0,42,62,1423,2999,8,0,0,0,0,0,0,0,16,0,0,0,0,102,0,0,0,0,0,0,837,0,0,0,634,0,0,8,0,0,0,705,0,183,0,0,0,0,0,0,0,0,41,283,0,0,67,0,0,880,7,22,0,0,47,0,0,0,0,0,0,0,0,0,0,0,0,53,0,0,0,0,15,0,0,0,0,0,0,0,0,0,0,0,0,0,0,0,203,161,0,126,231,6,47,0,0,0,304,0,0,8,0,7,0,165,0,0,49,73,34,91,3578,45,0,38,0,0,3135,2066,0,0,0,0,0,0,0,0,0,0,9,0,0,0,0,27,0,17,26,493,233,17,0,2,0,0,223,440,0,0,0,36,18,27,0,9,0,0,0,0,10,2,0,0,0,0,73,0,0,2,261,0,0,18,0,0,67,0,500,0,6,2,11,0,15,121,5,105,130,0,0,157,0,0,0,0,0,0,0,2,0,0,44,0,0,0,0,0,1270,6,2082,7,109,0,0,0,0,0,0,137,0,140,12,0,3,51,0,0,3,0,0,16,0,315,0,2,0,0,0,28,0,34,0,665,71,3149,3,390,6,0,2169,473,0,2,8,0,0,0,0,58,0,0,0,0,0,0,14,0,0,0,0,0,9,0,0,0,0,0,0,0,0,0,0,0,0,0,0,0,0,0,0,2,136,0,4,16,17,0,0,0,0,0,0,3,0,30,3,0,0,0,0,0,3307,0,0,8,6,0,0,0,0,58,238,174,0,0,0,0,32,0,345,53,0,0,3,8,34,133,86,0,9,0,0,0,12,0,0,0,0,0,0,0,0,27,6,13,0,0,2,46,0,0,0,0,0,0,0,0,0,0,0,0,0,0,0,0,3,0,23,0,726,82,0,0,151,0,0,3,14,0,0,0,0,9,0,33,0,0,0,0,135,0,7,0,3250,0,0,160,88,0,0,16,0,19,634,0,0,0,0,0,0,0,566,23,0,557,0,0,0,2860,56,0,0,0,0,8,0,77,0,0,0,3,5401,7,518,0,0
III67,0,0,0,0,0,9,0,12,0,2119,0,45,87,670,2224,0,0,0,2,0,0,0,0,7,0,0,0,0,87,0,0,0,0,0,0,732,0,0,11,675,0,0,3,0,0,0,426,0,170,0,0,0,0,0,0,0,0,73,183,0,0,145,0,0,616,12,8,0,0,67,0,0,0,0,0,0,3,0,0,0,0,17,70,0,5,0,0,7,0,0,23,0,9,4,0,3,0,0,5,0,0,6,0,145,0,0,127,274,0,206,0,0,0,171,0,0,0,3,0,0,109,0,0,15,54,161,79,1630,54,0,0,0,0,2907,1402,0,0,0,0,9,0,0,9,54,0,4,2,0,0,0,0,0,64,217,207,205,7,0,2,0,30,123,400,0,0,0,51,43,26,2,9,27,0,0,0,10,3,0,0,90,0,77,0,0,8,150,0,10,45,0,0,58,0,269,0,0,20,8,0,21,109,21,66,83,0,2,8,13,0,0,0,0,0,0,7,5,0,12,0,0,0,0,6,973,34,1619,37,382,0,0,0,0,0,0,19,0,163,0,0,0,100,4,0,0,0,2,37,0,197,0,0,0,0,0,12,0,56,0,601,125,3413,0,0,2,0,6706,136,0,2,2,11,0,0,0,95,4,0,0,0,0,0,198,0,0,0,0,0,35,0,3,18,0,0,5,0,0,0,0,0,0,0,0,0,0,0,0,0,57,0,5,6,0,5,0,0,0,0,0,0,2,4,0,0,0,0,0,0,3081,0,0,4,0,0,0,0,0,79,306,769,11,0,0,0,113,0,435,77,0,0,4,0,7,44,0,0,0,16,5,0,0,0,12,18,0,0,0,0,0,11,5,0,0,0,0,57,5,0,0,0,0,0,0,0,0,0,0,0,0,0,0,0,0,0,43,0,427,32,0,3,197,0,2,13,31,0,0,0,8,0,0,6,0,19,0,0,303,0,14,0,3011,0,0,214,124,0,0,0,0,11,444,0,0,0,0,0,0,0,582,0,0,1277,0,0,0,3379,22,0,0,30,0,20,0,8,0,0,0,21,4073,25,794,0,3
III69,0,0,0,0,0,0,0,17,0,625,0,73,46,941,3747,0,0,0,2,0,0,0,0,15,0,0,0,0,104,0,0,0,0,0,0,566,0,0,14,709,0,0,8,0,0,0,632,0,250,3,0,0,0,0,0,0,0,167,110,0,0,88,0,0,323,0,14,0,0,186,0,0,0,0,0,0,0,0,0,0,0,11,45,0,0,0,0,11,0,0,5,0,0,3,0,0,0,0,5,0,10,0,0,276,41,0,170,535,0,549,0,0,0,164,0,0,0,0,2,0,135,0,6,6,29,236,179,1260,89,0,0,0,0,1915,1093,0,8,0,0,0,0,0,0,108,0,0,0,0,0,0,0,0,104,275,478,207,0,0,0,0,3,197,368,0,0,0,83,79,47,3,0,42,0,0,0,0,10,6,2,224,0,86,0,0,0,4,0,0,45,5,0,45,0,281,0,5,0,38,0,22,125,14,54,95,0,0,14,17,0,0,0,0,0,0,18,0,0,11,0,0,0,2,15,1061,15,3438,19,855,0,0,0,0,0,0,11,0,112,0,0,0,53,0,0,0,0,0,26,0,621,0,0,0,0,0,26,14,25,0,625,81,2963,0,151,7,0,6617,93,0,2,3,0,0,0,0,220,2,0,0,0,0,24,113,0,0,0,0,0,42,0,0,24,0,0,5,0,0,0,0,0,0,0,0,0,0,0,0,5,70,0,0,0,0,2,0,0,0,0,0,0,0,14,0,0,0,13,0,0,2806,0,0,0,0,0,0,0,0,172,252,838,6,0,3,0,92,2,536,72,0,0,3,0,7,6,14,0,0,21,0,0,0,0,12,14,0,0,0,0,0,14,4,10,0,0,0,27,0,2,0,0,0,0,0,0,0,2,5,0,0,0,0,22,0,0,68,2,364,30,0,0,247,0,0,6,6,0,0,2,43,0,0,0,0,12,0,0,282,0,8,0,1668,0,0,152,80,0,0,0,4,8,924,0,0,0,0,0,0,0,459,0,0,1471,0,0,5,2294,22,0,0,10,0,0,0,9,2,0,0,17,4253,0,613,0,0
III71,0,0,0,24,0,16,0,0,0,683,0,94,47,1637,2749,31,0,0,0,0,0,0,0,6,0,0,0,0,93,0,0,0,0,0,0,1223,0,0,17,501,0,0,0,0,0,0,935,0,225,0,0,0,0,0,0,0,0,145,256,0,0,99,0,4,1275,18,29,0,2,76,0,0,0,0,0,0,2,0,0,4,0,0,78,0,0,0,0,4,0,0,8,0,0,0,0,0,0,20,0,0,25,0,0,119,85,0,137,475,0,74,0,0,0,341,0,0,33,0,6,0,94,0,0,39,48,37,78,1936,78,0,0,0,0,3349,1981,0,3,0,0,7,0,0,0,26,0,0,0,0,0,0,7,0,0,61,490,272,0,0,0,0,75,126,809,0,0,3,59,25,48,0,0,0,0,0,0,10,0,7,0,43,0,101,0,0,5,405,0,11,22,0,0,83,0,477,0,5,41,58,0,48,105,26,76,238,0,0,44,12,0,0,0,0,0,0,2,0,0,34,0,0,0,0,0,1594,28,1976,8,315,0,0,0,0,0,0,56,0,106,0,0,0,26,4,0,0,0,0,5,0,349,0,0,0,0,0,40,12,56,0,419,99,2860,0,50,0,0,4568,197,0,0,12,3,0,0,0,183,0,0,0,0,0,0,121,0,2,0,0,2,20,0,9,25,0,0,0,0,0,0,0,0,0,0,0,0,0,0,0,0,142,0,11,0,42,0,0,0,0,0,5,0,0,5,0,0,0,0,0,0,2704,0,0,22,0,0,0,0,0,52,183,132,3,0,0,0,51,0,415,80,0,0,0,0,120,75,14,0,3,22,0,0,9,0,15,4,0,0,0,0,2,9,6,5,0,0,0,19,0,0,0,0,0,0,0,0,0,11,0,0,0,6,0,0,5,0,13,0,415,94,0,0,61,0,0,7,16,0,0,0,13,6,0,0,0,0,0,0,178,0,11,0,3149,0,0,279,102,0,0,0,0,6,796,0,0,2,4,0,0,0,594,0,0,655,0,0,0,1525,21,0,0,11,0,20,0,32,0,0,0,12,4025,11,955,0,0
IV79,0,0,0,53,0,6,0,0,0,616,0,262,62,1778,3099,55,0,0,0,0,0,0,0,16,0,0,0,0,29,0,0,0,0,0,0,609,0,0,14,188,0,0,5,0,0,0,1699,0,200,0,0,0,0,0,0,0,0,113,133,0,0,139,0,4,415,12,14,0,2,100,0,0,0,0,0,0,0,0,0,0,0,0,57,7,0,0,0,4,0,0,12,0,0,4,0,3,0,0,0,0,13,3,0,262,333,0,168,1735,0,224,0,0,0,235,0,0,8,6,0,0,24,0,0,64,33,179,175,1734,101,0,0,0,0,1163,5739,0,2,0,0,0,0,0,0,57,0,8,0,0,0,0,0,2,42,206,561,188,0,0,2,0,135,194,339,0,0,0,45,23,31,0,0,11,0,0,0,13,4,2,0,82,0,92,0,0,3,352,0,0,26,0,0,75,0,282,0,10,56,199,0,47,69,18,60,101,0,6,15,15,2,0,13,0,0,0,0,3,0,7,0,0,2,3,7,755,12,4838,15,648,0,0,0,18,0,0,3,0,141,0,0,0,0,0,0,0,0,0,7,0,328,0,0,0,0,0,32,13,15,0,485,50,2427,0,32,0,0,5614,73,0,11,3,35,0,0,29,1076,2,0,0,0,0,0,58,0,0,0,0,0,0,0,0,36,0,0,2,7,0,0,0,0,0,0,0,0,0,0,0,0,135,16,8,0,23,0,3,0,0,9,0,0,0,6,0,0,0,58,0,0,1087,0,0,28,0,0,0,0,0,161,591,207,0,0,0,0,45,0,743,90,0,0,3,49,22,18,10,0,3,13,2,6,16,0,10,8,0,0,0,0,0,17,5,10,0,0,0,7,0,0,0,0,0,0,10,0,2,0,2,0,0,0,8,16,0,5,34,0,101,37,2,0,12,0,0,0,29,0,0,8,16,11,0,5,0,0,0,0,134,0,0,0,1425,0,0,170,154,0,0,0,9,0,1724,0,0,0,0,0,0,0,794,0,6,1528,0,0,0,500,20,0,0,6,0,52,0,92,0,0,4,0,2302,8,259,0,0
IV81,0,0,0,55,0,0,0,0,0,1203,0,152,34,1185,3617,105,0,0,3,0,0,0,0,9,0,0,0,0,35,0,0,0,0,0,0,512,0,0,15,205,0,0,0,0,0,0,2412,0,476,0,0,0,0,0,0,0,0,175,234,0,0,164,0,0,950,41,18,0,0,69,0,0,0,0,0,0,0,0,0,0,0,0,68,19,0,0,0,8,0,0,0,0,5,0,0,0,0,7,0,0,13,2,0,326,284,2,115,1074,0,207,0,0,0,342,0,0,6,0,0,0,38,0,0,52,46,101,135,1991,281,0,0,0,0,562,3288,0,12,0,0,0,0,0,0,41,0,0,0,0,0,0,0,0,60,96,998,200,14,0,3,0,0,200,275,0,0,0,48,107,37,0,11,13,2,0,0,18,2,5,0,60,0,47,0,0,0,259,0,3,14,0,0,65,0,300,19,13,0,275,0,20,118,31,60,100,0,26,10,10,0,0,15,0,0,3,0,0,0,14,0,0,0,2,10,1062,4,4908,22,962,0,0,0,15,0,0,3,0,189,0,0,0,0,0,0,0,0,0,7,0,560,0,0,0,0,0,36,18,3,0,364,54,1461,0,49,3,0,5317,61,0,0,14,38,0,0,23,769,0,0,0,2,0,0,76,0,0,0,0,0,5,0,0,31,0,0,0,0,6,0,0,0,0,0,0,0,0,4,0,0,177,0,0,0,19,0,0,2,0,8,0,0,0,7,2,0,0,32,0,0,1696,0,0,22,0,0,0,0,0,176,538,163,0,0,0,0,15,2,696,129,0,0,0,17,7,18,0,0,6,20,2,4,8,0,12,9,0,0,0,0,0,40,5,0,0,0,0,0,0,0,2,0,0,0,7,0,0,0,0,0,0,0,0,9,0,0,40,0,121,41,0,0,19,0,0,4,13,0,0,3,20,5,0,0,0,28,0,0,73,0,4,0,686,0,0,125,135,0,0,0,9,0,2033,0,0,0,0,0,0,0,421,0,0,1183,0,0,0,736,33,0,0,9,0,45,0,53,0,0,0,7,2277,3,502,2,0
